"case","ramplab","change.year","Year","SSB","F","R"
"Cmult","Sudden",2000,1982,23754.82,0.1978262,20090.32
"Cmult","Sudden",2000,1983,20999.25,0.2808656,9443.252
"Cmult","Sudden",2000,1984,18601.16,0.3477453,5311.891
"Cmult","Sudden",2000,1985,17189.2,0.3992753,4006.514
"Cmult","Sudden",2000,1986,15243.57,0.3821811,16810.98
"Cmult","Sudden",2000,1987,13307.95,0.3383621,11194.22
"Cmult","Sudden",2000,1988,10928.87,0.4059409,11177.26
"Cmult","Sudden",2000,1989,8333.221,0.3302977,18587.62
"Cmult","Sudden",2000,1990,7219.59,0.2307428,22773.62
"Cmult","Sudden",2000,1991,6685.992,0.3804211,21791.2
"Cmult","Sudden",2000,1992,5911.038,0.4084297,34319.16
"Cmult","Sudden",2000,1993,5567.468,0.6433057,63300.48
"Cmult","Sudden",2000,1994,5243.597,0.7552214,70444.61
"Cmult","Sudden",2000,1995,6389.118,0.5588113,58239.58
"Cmult","Sudden",2000,1996,8393.988,0.3496239,91067.64
"Cmult","Sudden",2000,1997,11672.1,0.2194896,122857.6
"Cmult","Sudden",2000,1998,18126.11,0.1457977,126446.6
"Cmult","Sudden",2000,1999,25640.26,0.09561043,117812.5
"Cmult","Sudden",2000,2000,31277.3,0.5074584,79340.57
"Cmult","Sudden",2000,2001,29866.75,0.595336,51617.12
"Cmult","Sudden",2000,2002,31128.38,0.5680572,25679.37
"Cmult","Sudden",2000,2003,29136.9,0.7324378,21150.95
"Cmult","Sudden",2000,2004,23976.64,0.8306847,27817.78
"Cmult","Sudden",2000,2005,20212.17,1.110315,61639.88
"Cmult","Sudden",2000,2006,13658.79,0.9802769,35462.43
"Cmult","Sudden",2000,2007,11642.74,0.6440538,25948.07
"Cmult","Sudden",2000,2008,11667.13,0.6684802,22698.6
"Cmult","Sudden",2000,2009,12675.67,0.8182794,38783.69
"Cmult","Sudden",2000,2010,12290.93,0.8047658,47106.89
"Cmult","Sudden",2000,2011,12149.34,0.8566853,24215.22
"Cmult","Sudden",2000,2012,11195.88,1.064559,41930.42
"Cmult","Sudden",2000,2013,10308.86,0.7880525,54917.78
"Cmult","Sudden",2000,2014,11678.29,0.5772824,141768.8
"Cmult","Sudden",2000,2015,13749.94,0.4292269,27339.47
"Cmult","Sudden",2005,1982,22861.18,0.2069361,17123.74
"Cmult","Sudden",2005,1983,19905.25,0.2957582,7957.045
"Cmult","Sudden",2005,1984,17248.75,0.3607761,4413.344
"Cmult","Sudden",2005,1985,15620.89,0.4016928,3305.295
"Cmult","Sudden",2005,1986,13687.9,0.3813668,14087.74
"Cmult","Sudden",2005,1987,11826.07,0.343086,9239.738
"Cmult","Sudden",2005,1988,9599.86,0.411613,9013.731
"Cmult","Sudden",2005,1989,7223.745,0.3495707,14469.51
"Cmult","Sudden",2005,1990,6107.959,0.2581655,16243.3
"Cmult","Sudden",2005,1991,5470.504,0.4203226,13700.81
"Cmult","Sudden",2005,1992,4623.908,0.4717797,18448.27
"Cmult","Sudden",2005,1993,4067.597,0.8043201,28639.24
"Cmult","Sudden",2005,1994,3458.675,1.062459,26701.22
"Cmult","Sudden",2005,1995,3686.58,0.9721259,19185.73
"Cmult","Sudden",2005,1996,4025.857,0.7761432,27588.18
"Cmult","Sudden",2005,1997,4620.979,0.6335941,36993.53
"Cmult","Sudden",2005,1998,6016.345,0.5168101,41509.59
"Cmult","Sudden",2005,1999,7246.763,0.38454,44978.09
"Cmult","Sudden",2005,2000,8154.571,0.3826598,34830.64
"Cmult","Sudden",2005,2001,8980.886,0.4150173,25464.08
"Cmult","Sudden",2005,2002,10765.84,0.3353167,13405.52
"Cmult","Sudden",2005,2003,11898.69,0.3523309,11307.24
"Cmult","Sudden",2005,2004,12706.82,0.2665022,15094.61
"Cmult","Sudden",2005,2005,13674.32,1.16315,33608.2
"Cmult","Sudden",2005,2006,8242.328,0.9626745,19318.33
"Cmult","Sudden",2005,2007,6695.967,0.6292295,14145.18
"Cmult","Sudden",2005,2008,6549.475,0.6594691,12367.3
"Cmult","Sudden",2005,2009,7020.656,0.8125546,21115.54
"Cmult","Sudden",2005,2010,6797.757,0.8013464,25494.05
"Cmult","Sudden",2005,2011,6720.143,0.8559964,13058.3
"Cmult","Sudden",2005,2012,6196.067,1.062913,22496.68
"Cmult","Sudden",2005,2013,5684.309,0.7901956,29277.46
"Cmult","Sudden",2005,2014,6407.282,0.5821095,74732.1
"Cmult","Sudden",2005,2015,7501.832,0.437121,14588.43
"Cmult","Sudden",2010,1982,22073.24,0.2151469,15902.42
"Cmult","Sudden",2010,1983,19027.39,0.3084921,7371.585
"Cmult","Sudden",2010,1984,16280.76,0.3731516,4076.14
"Cmult","Sudden",2010,1985,14597.17,0.4095354,3058.845
"Cmult","Sudden",2010,1986,12725.46,0.3869171,13248.25
"Cmult","Sudden",2010,1987,10958.2,0.3494193,8698.273
"Cmult","Sudden",2010,1988,8856.724,0.4179741,8476.112
"Cmult","Sudden",2010,1989,6633.748,0.3609388,13663.43
"Cmult","Sudden",2010,1990,5566.557,0.2722804,15249.91
"Cmult","Sudden",2010,1991,4953.75,0.4350934,12680.54
"Cmult","Sudden",2010,1992,4191.103,0.485469,16765.3
"Cmult","Sudden",2010,1993,3696.042,0.8054583,25484.29
"Cmult","Sudden",2010,1994,3159.748,1.047256,23122.76
"Cmult","Sudden",2010,1995,3353.916,0.9657869,16034.94
"Cmult","Sudden",2010,1996,3596.724,0.7935411,21990.32
"Cmult","Sudden",2010,1997,4018.647,0.6741672,27666.87
"Cmult","Sudden",2010,1998,5056.808,0.5741107,28046.94
"Cmult","Sudden",2010,1999,5845.771,0.4459578,26264.09
"Cmult","Sudden",2010,2000,6264.507,0.4656144,18183.03
"Cmult","Sudden",2010,2001,6443.007,0.546117,12334.49
"Cmult","Sudden",2010,2002,6983.715,0.5075054,6515.531
"Cmult","Sudden",2010,2003,6736.841,0.6886812,5882.247
"Cmult","Sudden",2010,2004,5608.32,0.8116176,8537.852
"Cmult","Sudden",2010,2005,4755.365,1.053877,20502.22
"Cmult","Sudden",2010,2006,3343.378,0.832827,12537.17
"Cmult","Sudden",2010,2007,3153.4,0.4503205,9554.764
"Cmult","Sudden",2010,2008,3624.284,0.4055043,8541.225
"Cmult","Sudden",2010,2009,4581.966,0.3973085,14823.39
"Cmult","Sudden",2010,2010,5005.118,0.7655582,18188.15
"Cmult","Sudden",2010,2011,4803.537,0.8299905,9414.711
"Cmult","Sudden",2010,2012,4365.571,1.043952,16283.8
"Cmult","Sudden",2010,2013,4017.998,0.7796158,21158.79
"Cmult","Sudden",2010,2014,4571.368,0.5706248,53064.46
"Cmult","Sudden",2010,2015,5389.67,0.4207612,10484.57
"Cmult","Ramp4",2000,1982,24621.3,0.1894862,22307.45
"Cmult","Ramp4",2000,1983,21997.11,0.2669248,10650.48
"Cmult","Ramp4",2000,1984,19795.79,0.3300839,6111.17
"Cmult","Ramp4",2000,1985,18630.06,0.3796249,4694.659
"Cmult","Ramp4",2000,1986,16851.26,0.3579818,19992.8
"Cmult","Ramp4",2000,1987,15066.77,0.307868,13729.17
"Cmult","Ramp4",2000,1988,12768.02,0.3583864,14338.9
"Cmult","Ramp4",2000,1989,10186.58,0.2742062,25819.22
"Cmult","Ramp4",2000,1990,9267.698,0.1808894,35691.57
"Cmult","Ramp4",2000,1991,8989.373,0.2862715,38056.69
"Cmult","Ramp4",2000,1992,8559.38,0.2812307,64300.45
"Cmult","Ramp4",2000,1993,9022.81,0.3828207,118878.3
"Cmult","Ramp4",2000,1994,9783.897,0.3799903,124623.7
"Cmult","Ramp4",2000,1995,13510.74,0.2388034,95198.88
"Cmult","Ramp4",2000,1996,18853.96,0.3660649,138007.8
"Cmult","Ramp4",2000,1997,23674.71,0.4167166,177365.3
"Cmult","Ramp4",2000,1998,31161.06,0.4475951,178797.4
"Cmult","Ramp4",2000,1999,36682.86,0.4307231,164825.5
"Cmult","Ramp4",2000,2000,38792.25,0.5229161,110396.4
"Cmult","Ramp4",2000,2001,38828.01,0.6028959,71681.52
"Cmult","Ramp4",2000,2002,41625.84,0.570459,35613.57
"Cmult","Ramp4",2000,2003,39640.57,0.7306953,29318.53
"Cmult","Ramp4",2000,2004,32773.64,0.8247727,38538
"Cmult","Ramp4",2000,2005,27706.15,1.117426,85330.05
"Cmult","Ramp4",2000,2006,18708.46,0.987095,49102.72
"Cmult","Ramp4",2000,2007,15945.25,0.6496501,35930.81
"Cmult","Ramp4",2000,2008,15997,0.6740252,31444.73
"Cmult","Ramp4",2000,2009,17425.77,0.8252308,53750.6
"Cmult","Ramp4",2000,2010,16912.68,0.8120318,65431.81
"Cmult","Ramp4",2000,2011,16718.72,0.8637477,33706.41
"Cmult","Ramp4",2000,2012,15402.06,1.073196,58489.06
"Cmult","Ramp4",2000,2013,14197.09,0.7944376,76777.54
"Cmult","Ramp4",2000,2014,16107.53,0.5814277,198788.5
"Cmult","Ramp4",2000,2015,19009.07,0.4308491,38382.69
"Cmult","Ramp4",2005,1982,23117.09,0.2041746,18169.59
"Cmult","Ramp4",2005,1983,20234.76,0.2912256,8474.254
"Cmult","Ramp4",2005,1984,17670.43,0.3575705,4720.459
"Cmult","Ramp4",2005,1985,16111.92,0.4031241,3539.969
"Cmult","Ramp4",2005,1986,14165.25,0.3844403,14962.86
"Cmult","Ramp4",2005,1987,12267.88,0.3444337,9840.488
"Cmult","Ramp4",2005,1988,9977.895,0.4142576,9645.063
"Cmult","Ramp4",2005,1989,7516.616,0.3478122,15550.64
"Cmult","Ramp4",2005,1990,6387.965,0.2524903,17768.87
"Cmult","Ramp4",2005,1991,5774.179,0.4147787,15460.82
"Cmult","Ramp4",2005,1992,4932.475,0.4617358,21772.09
"Cmult","Ramp4",2005,1993,4396.36,0.7794581,35760.06
"Cmult","Ramp4",2005,1994,3814.927,1.009811,35640.55
"Cmult","Ramp4",2005,1995,4198.931,0.8783353,27796.32
"Cmult","Ramp4",2005,1996,4835.519,0.6502222,43323.02
"Cmult","Ramp4",2005,1997,5940.4,0.481798,61637.24
"Cmult","Ramp4",2005,1998,8355.212,0.3567662,69386.6
"Cmult","Ramp4",2005,1999,10915.02,0.2451408,70139.59
"Cmult","Ramp4",2005,2000,13362.48,0.2211781,50120.77
"Cmult","Ramp4",2005,2001,15905.36,0.3554484,34068.09
"Cmult","Ramp4",2005,2002,18992.22,0.3965007,17273.87
"Cmult","Ramp4",2005,2003,19235.01,0.5905116,14356.82
"Cmult","Ramp4",2005,2004,16846.22,0.7405813,18967.24
"Cmult","Ramp4",2005,2005,14467.65,1.100466,42051.44
"Cmult","Ramp4",2005,2006,9573.72,0.9674428,24203.24
"Cmult","Ramp4",2005,2007,8075.506,0.6369489,17724.77
"Cmult","Ramp4",2005,2008,8046.468,0.6629745,15510.66
"Cmult","Ramp4",2005,2009,8712.254,0.812471,26506.34
"Cmult","Ramp4",2005,2010,8447.519,0.7991768,32117.74
"Cmult","Ramp4",2005,2011,8356.616,0.8517211,16484.14
"Cmult","Ramp4",2005,2012,7710.936,1.057668,28469.98
"Cmult","Ramp4",2005,2013,7097.64,0.7824145,37161.79
"Cmult","Ramp4",2005,2014,8031.928,0.5731852,95355.77
"Cmult","Ramp4",2005,2015,9438.71,0.4275041,18474.45
"Cmult","Ramp4",2010,1982,22292.98,0.2128003,16206.61
"Cmult","Ramp4",2010,1983,19269.06,0.3048799,7518.414
"Cmult","Ramp4",2010,1984,16542.57,0.3695978,4160.586
"Cmult","Ramp4",2010,1985,14869.64,0.4070823,3120.079
"Cmult","Ramp4",2010,1986,12979.57,0.3850524,13451.24
"Cmult","Ramp4",2010,1987,11186.36,0.3474512,8825.651
"Cmult","Ramp4",2010,1988,9051.842,0.4159469,8599.998
"Cmult","Ramp4",2010,1989,6788.704,0.357687,13840.67
"Cmult","Ramp4",2010,1990,5707.632,0.2683974,15453.29
"Cmult","Ramp4",2010,1991,5086.18,0.4310476,12876.42
"Cmult","Ramp4",2010,1992,4298.908,0.4820155,17067.92
"Cmult","Ramp4",2010,1993,3784.227,0.8075448,26009.34
"Cmult","Ramp4",2010,1994,3224.365,1.056646,23687.39
"Cmult","Ramp4",2010,1995,3420.457,0.9746483,16506.83
"Cmult","Ramp4",2010,1996,3675.812,0.7971802,22759.11
"Cmult","Ramp4",2010,1997,4122.138,0.6740953,28834.51
"Cmult","Ramp4",2010,1998,5211.298,0.5702813,29559.79
"Cmult","Ramp4",2010,1999,6058.751,0.4397041,28637.54
"Cmult","Ramp4",2010,2000,6534.524,0.4566616,21151.25
"Cmult","Ramp4",2010,2001,6776.712,0.5326659,15360.81
"Cmult","Ramp4",2010,2002,7440.561,0.4881382,8356.157
"Cmult","Ramp4",2010,2003,7327.554,0.6480583,7450.174
"Cmult","Ramp4",2010,2004,6391.024,0.7009697,10447.5
"Cmult","Ramp4",2010,2005,6000.598,0.7671239,24347.57
"Cmult","Ramp4",2010,2006,4805.744,0.7122791,14444.76
"Cmult","Ramp4",2010,2007,4580.712,0.4726194,10757.4
"Cmult","Ramp4",2010,2008,4852.517,0.5405149,9491.447
"Cmult","Ramp4",2010,2009,5370.126,0.7190597,16291.46
"Cmult","Ramp4",2010,2010,5254.955,0.7751458,19816.76
"Cmult","Ramp4",2010,2011,5157.628,0.8330452,10221.18
"Cmult","Ramp4",2010,2012,4753.816,1.038323,17676.8
"Cmult","Ramp4",2010,2013,4394.388,0.7669052,23015.1
"Cmult","Ramp4",2010,2014,4994.443,0.5587602,58137.49
"Cmult","Ramp4",2010,2015,5883.05,0.4144643,11476.17
"Cmult","Ramp9",2005,1982,23568.25,0.1996048,19896.67
"Cmult","Ramp9",2005,1983,20798.04,0.283584,9362.663
"Cmult","Ramp9",2005,1984,18386.84,0.350573,5273.424
"Cmult","Ramp9",2005,1985,16970.44,0.4011253,3986.807
"Cmult","Ramp9",2005,1986,15050.53,0.3830977,16819.95
"Cmult","Ramp9",2005,1987,13151.2,0.338953,11243.54
"Cmult","Ramp9",2005,1988,10809.55,0.4055203,11292.55
"Cmult","Ramp9",2005,1989,8256.06,0.3301546,19039.99
"Cmult","Ramp9",2005,1990,7165.178,0.2308414,23901.11
"Cmult","Ramp9",2005,1991,6656.974,0.3771978,23300.72
"Cmult","Ramp9",2005,1992,5939.078,0.4000902,36573.47
"Cmult","Ramp9",2005,1993,5674.202,0.6343625,64618.97
"Cmult","Ramp9",2005,1994,5479.765,0.7276005,66381.46
"Cmult","Ramp9",2005,1995,6899.436,0.5186523,51098.45
"Cmult","Ramp9",2005,1996,9089.986,0.4886706,76413.3
"Cmult","Ramp9",2005,1997,11570.88,0.4584516,102677.9
"Cmult","Ramp9",2005,1998,15896.4,0.4339216,108770.4
"Cmult","Ramp9",2005,1999,19616.26,0.3779211,104750.6
"Cmult","Ramp9",2005,2000,22008.28,0.424213,72486.08
"Cmult","Ramp9",2005,2001,23620.41,0.5173729,48220.16
"Cmult","Ramp9",2005,2002,26635.82,0.507192,24229.56
"Cmult","Ramp9",2005,2003,26322.31,0.6806869,20045.85
"Cmult","Ramp9",2005,2004,22522.52,0.8040199,26421.47
"Cmult","Ramp9",2005,2005,19333.8,1.115936,58551.86
"Cmult","Ramp9",2005,2006,12975.62,0.9827269,33691.12
"Cmult","Ramp9",2005,2007,11022.24,0.6463766,24657.21
"Cmult","Ramp9",2005,2008,11034.98,0.6713053,21577.6
"Cmult","Ramp9",2005,2009,12001.14,0.822187,36882.3
"Cmult","Ramp9",2005,2010,11646.09,0.8090637,44846.86
"Cmult","Ramp9",2005,2011,11514.69,0.8610029,23069.51
"Cmult","Ramp9",2005,2012,10611.54,1.06956,39952.93
"Cmult","Ramp9",2005,2013,9777.183,0.7917635,52305.94
"Cmult","Ramp9",2005,2014,11084.17,0.5798074,134810.9
"Cmult","Ramp9",2005,2015,13064,0.4304279,26055.1
"Cmult","Ramp9",2010,1982,22613.68,0.2093627,17001.58
"Cmult","Ramp9",2010,1983,19648.52,0.2994457,7904.633
"Cmult","Ramp9",2010,1984,16988.07,0.3650257,4386.015
"Cmult","Ramp9",2010,1985,15359.9,0.4059467,3288.687
"Cmult","Ramp9",2010,1986,13446.26,0.3853059,14056.62
"Cmult","Ramp9",2010,1987,11610.82,0.3467452,9228.624
"Cmult","Ramp9",2010,1988,9412.587,0.4159592,9009.839
"Cmult","Ramp9",2010,1989,7069.042,0.3544334,14492.13
"Cmult","Ramp9",2010,1990,5966.803,0.2624825,16302.06
"Cmult","Ramp9",2010,1991,5346.918,0.4255628,13795.66
"Cmult","Ramp9",2010,1992,4536.57,0.4753825,18699.68
"Cmult","Ramp9",2010,1993,4007.44,0.8045364,29341.39
"Cmult","Ramp9",2010,1994,3432.93,1.053707,27755.81
"Cmult","Ramp9",2010,1995,3690.552,0.9545497,20362.74
"Cmult","Ramp9",2010,1996,4067.519,0.7531302,29805.3
"Cmult","Ramp9",2010,1997,4725.608,0.6052946,40080.51
"Cmult","Ramp9",2010,1998,6250.478,0.4840571,43245.1
"Cmult","Ramp9",2010,1999,7662.035,0.3530569,42882.88
"Cmult","Ramp9",2010,2000,8795.768,0.3408854,31061.52
"Cmult","Ramp9",2010,2001,9814.647,0.4354741,21735.27
"Cmult","Ramp9",2010,2002,11337.31,0.4322657,11389.08
"Cmult","Ramp9",2010,2003,11418.07,0.6092706,9793.459
"Cmult","Ramp9",2010,2004,10022.03,0.7292254,13319.59
"Cmult","Ramp9",2010,2005,8899.569,0.9834518,30239.87
"Cmult","Ramp9",2010,2006,6327.685,0.8594886,17690.92
"Cmult","Ramp9",2010,2007,5650.758,0.558207,13093.91
"Cmult","Ramp9",2010,2008,5838.195,0.6012454,11542.31
"Cmult","Ramp9",2010,2009,6438.965,0.763986,19847.64
"Cmult","Ramp9",2010,2010,6298.604,0.7882177,24175.33
"Cmult","Ramp9",2010,2011,6224.403,0.8423632,12462.5
"Cmult","Ramp9",2010,2012,5760.782,1.045476,21557.26
"Cmult","Ramp9",2010,2013,5341.005,0.7661473,28107.93
"Cmult","Ramp9",2010,2014,6090.027,0.5545668,71478.52
"Cmult","Ramp9",2010,2015,7200.435,0.4089549,13983.12
"Mmult All Ages","Sudden",1995,1982,20957.72,0.223391,19740.59
"Mmult All Ages","Sudden",1995,1983,18095.3,0.317609,9550.02
"Mmult All Ages","Sudden",1995,1984,15661.7,0.3920138,5578.386
"Mmult All Ages","Sudden",1995,1985,14211.06,0.4529099,4354.687
"Mmult All Ages","Sudden",1995,1986,12406.25,0.4404397,17962.16
"Mmult All Ages","Sudden",1995,1987,10698.3,0.3950674,12409.82
"Mmult All Ages","Sudden",1995,1988,8598.902,0.4812306,12914.04
"Mmult All Ages","Sudden",1995,1989,6340.695,0.4126861,22693.99
"Mmult All Ages","Sudden",1995,1990,5364.99,0.2901716,31313.25
"Mmult All Ages","Sudden",1995,1991,5098.422,0.4566642,35207.63
"Mmult All Ages","Sudden",1995,1992,4882.522,0.4429645,65554.7
"Mmult All Ages","Sudden",1995,1993,5054.92,0.8038603,141773.4
"Mmult All Ages","Sudden",1995,1994,5760.395,0.8350334,182584.1
"Mmult All Ages","Sudden",1995,1995,8355.186,0.5950673,177735.5
"Mmult All Ages","Sudden",1995,1996,9076.281,0.4511631,238925.2
"Mmult All Ages","Sudden",1995,1997,9811.7,0.3656779,289962.7
"Mmult All Ages","Sudden",1995,1998,11892.87,0.3189152,277685.6
"Mmult All Ages","Sudden",1995,1999,12563.7,0.268913,253326.5
"Mmult All Ages","Sudden",1995,2000,12282.06,0.2990043,175727.6
"Mmult All Ages","Sudden",1995,2001,11873.2,0.3586677,119380.3
"Mmult All Ages","Sudden",1995,2002,12439.19,0.3388514,59896.88
"Mmult All Ages","Sudden",1995,2003,11269.06,0.4270972,49612.87
"Mmult All Ages","Sudden",1995,2004,9356.491,0.465519,65587.45
"Mmult All Ages","Sudden",1995,2005,8449.519,0.5711246,149061.7
"Mmult All Ages","Sudden",1995,2006,5940.273,0.4779074,85738.71
"Mmult All Ages","Sudden",1995,2007,5217.298,0.309425,63544.9
"Mmult All Ages","Sudden",1995,2008,5194.662,0.3459878,56172.15
"Mmult All Ages","Sudden",1995,2009,5986.168,0.422938,96496.55
"Mmult All Ages","Sudden",1995,2010,5589.452,0.3923356,115776
"Mmult All Ages","Sudden",1995,2011,5375.705,0.4065761,57616.09
"Mmult All Ages","Sudden",1995,2012,5292.472,0.4844768,97570.48
"Mmult All Ages","Sudden",1995,2013,5546.379,0.3387949,119569
"Mmult All Ages","Sudden",1995,2014,6087.68,0.2528451,304538
"Mmult All Ages","Sudden",1995,2015,6467.879,0.2058698,53600.57
"Mmult All Ages","Sudden",2000,1982,21497.19,0.2190383,17599.37
"Mmult All Ages","Sudden",2000,1983,18526.66,0.3129096,8324.573
"Mmult All Ages","Sudden",2000,1984,15905.98,0.3824635,4722.589
"Mmult All Ages","Sudden",2000,1985,14299.03,0.4307177,3596.852
"Mmult All Ages","Sudden",2000,1986,12433.96,0.4141259,14998.72
"Mmult All Ages","Sudden",2000,1987,10671.56,0.3748527,9964.144
"Mmult All Ages","Sudden",2000,1988,8554.836,0.4554967,9805.746
"Mmult All Ages","Sudden",2000,1989,6301.213,0.3968025,15609.38
"Mmult All Ages","Sudden",2000,1990,5239.588,0.2934458,17527.92
"Mmult All Ages","Sudden",2000,1991,4730.338,0.4740869,15098.69
"Mmult All Ages","Sudden",2000,1992,4104.624,0.5167899,21150.28
"Mmult All Ages","Sudden",2000,1993,3674.11,0.9180335,35036.04
"Mmult All Ages","Sudden",2000,1994,3278.398,1.190112,35766.98
"Mmult All Ages","Sudden",2000,1995,3730.927,1.039621,28771.56
"Mmult All Ages","Sudden",2000,1996,4339.352,0.7665664,46403.27
"Mmult All Ages","Sudden",2000,1997,5392.092,0.5626431,69626.6
"Mmult All Ages","Sudden",2000,1998,7785.196,0.405253,85168.31
"Mmult All Ages","Sudden",2000,1999,10403.1,0.2665739,100035.2
"Mmult All Ages","Sudden",2000,2000,12519.91,0.2644115,89357.85
"Mmult All Ages","Sudden",2000,2001,11762.48,0.3280232,59942.85
"Mmult All Ages","Sudden",2000,2002,11746.32,0.3188083,29819.14
"Mmult All Ages","Sudden",2000,2003,10305.16,0.4277117,24552.51
"Mmult All Ages","Sudden",2000,2004,8316.957,0.4812265,32379.98
"Mmult All Ages","Sudden",2000,2005,7169.284,0.6471204,73343.58
"Mmult All Ages","Sudden",2000,2006,4935.94,0.544513,42116.34
"Mmult All Ages","Sudden",2000,2007,4244.213,0.3506923,31053.74
"Mmult All Ages","Sudden",2000,2008,4145.053,0.3878496,27298.43
"Mmult All Ages","Sudden",2000,2009,4588.501,0.4761814,46688.75
"Mmult All Ages","Sudden",2000,2010,4328.427,0.4478347,55486.6
"Mmult All Ages","Sudden",2000,2011,4188.923,0.4709782,27324.4
"Mmult All Ages","Sudden",2000,2012,4047.012,0.5682836,45597.41
"Mmult All Ages","Sudden",2000,2013,4089.704,0.3999184,55648.49
"Mmult All Ages","Sudden",2000,2014,4499.459,0.2969342,138448.2
"Mmult All Ages","Sudden",2000,2015,4820.825,0.2407826,24778.69
"Mmult All Ages","Sudden",2005,1982,21644.45,0.2188415,16230.87
"Mmult All Ages","Sudden",2005,1983,18597.63,0.3135869,7589.128
"Mmult All Ages","Sudden",2005,1984,15868.39,0.3799945,4246.041
"Mmult All Ages","Sudden",2005,1985,14191.98,0.4198481,3210.395
"Mmult All Ages","Sudden",2005,1986,12335.22,0.3992579,13697.55
"Mmult All Ages","Sudden",2005,1987,10593.64,0.3615305,9039.495
"Mmult All Ages","Sudden",2005,1988,8520.772,0.4352431,8836.982
"Mmult All Ages","Sudden",2005,1989,6327.455,0.3793461,14136.67
"Mmult All Ages","Sudden",2005,1990,5273.779,0.2858203,15679.24
"Mmult All Ages","Sudden",2005,1991,4706.933,0.4568987,13008.7
"Mmult All Ages","Sudden",2005,1992,4017.931,0.5053729,17153.61
"Mmult All Ages","Sudden",2005,1993,3556.075,0.8506742,26075.85
"Mmult All Ages","Sudden",2005,1994,3074.258,1.104308,23817.77
"Mmult All Ages","Sudden",2005,1995,3303.589,1.013455,16698.99
"Mmult All Ages","Sudden",2005,1996,3562.902,0.8271078,23107.98
"Mmult All Ages","Sudden",2005,1997,4005.186,0.6987544,29451.17
"Mmult All Ages","Sudden",2005,1998,5088.149,0.5891891,30577.99
"Mmult All Ages","Sudden",2005,1999,5929.726,0.4497642,30543.54
"Mmult All Ages","Sudden",2005,2000,6431.344,0.4636607,23781.81
"Mmult All Ages","Sudden",2005,2001,6728.947,0.535226,18434.8
"Mmult All Ages","Sudden",2005,2002,7492.944,0.4827179,10859.74
"Mmult All Ages","Sudden",2005,2003,7536.601,0.6203087,10640.32
"Mmult All Ages","Sudden",2005,2004,6854.294,0.6179036,16775.85
"Mmult All Ages","Sudden",2005,2005,6652.24,0.754533,45726.2
"Mmult All Ages","Sudden",2005,2006,4509.269,0.6177162,26070.18
"Mmult All Ages","Sudden",2005,2007,3850.609,0.3815028,19056.24
"Mmult All Ages","Sudden",2005,2008,3730.525,0.4153922,16597.81
"Mmult All Ages","Sudden",2005,2009,3974.412,0.5115737,28169.76
"Mmult All Ages","Sudden",2005,2010,3714.543,0.4873048,33185.95
"Mmult All Ages","Sudden",2005,2011,3568.331,0.523259,16199.58
"Mmult All Ages","Sudden",2005,2012,3364.359,0.6440554,26727.45
"Mmult All Ages","Sudden",2005,2013,3275.124,0.4605901,32563.88
"Mmult All Ages","Sudden",2005,2014,3584.312,0.3441582,79298.91
"Mmult All Ages","Sudden",2005,2015,3847.895,0.2802415,14460.77
"Mmult All Ages","Sudden",2010,1982,21708.26,0.2186773,15759.96
"Mmult All Ages","Sudden",2010,1983,18637.43,0.3136261,7332.484
"Mmult All Ages","Sudden",2010,1984,15874.65,0.37881,4080.176
"Mmult All Ages","Sudden",2010,1985,14179.28,0.4157132,3077.913
"Mmult All Ages","Sudden",2010,1986,12326.13,0.3937158,13265.93
"Mmult All Ages","Sudden",2010,1987,10589.92,0.3563402,8744.136
"Mmult All Ages","Sudden",2010,1988,8530.845,0.4273314,8544.269
"Mmult All Ages","Sudden",2010,1989,6357.314,0.3721604,13747.69
"Mmult All Ages","Sudden",2010,1990,5308.043,0.2819311,15298.01
"Mmult All Ages","Sudden",2010,1991,4723.243,0.4486208,12687.83
"Mmult All Ages","Sudden",2010,1992,4015.996,0.4976214,16709.36
"Mmult All Ages","Sudden",2010,1993,3554.586,0.8219512,25324.34
"Mmult All Ages","Sudden",2010,1994,3064.989,1.060997,22967.02
"Mmult All Ages","Sudden",2010,1995,3273.372,0.9753641,15935.07
"Mmult All Ages","Sudden",2010,1996,3513.374,0.8022212,21813.08
"Mmult All Ages","Sudden",2010,1997,3923.215,0.6825306,27384.48
"Mmult All Ages","Sudden",2010,1998,4936,0.582314,27697.48
"Mmult All Ages","Sudden",2010,1999,5695.894,0.4520751,25845.61
"Mmult All Ages","Sudden",2010,2000,6099.469,0.4720862,17826.27
"Mmult All Ages","Sudden",2010,2001,6269.197,0.5533709,11918.49
"Mmult All Ages","Sudden",2010,2002,6785.807,0.5149499,6237.484
"Mmult All Ages","Sudden",2010,2003,6527.214,0.6989529,5564.481
"Mmult All Ages","Sudden",2010,2004,5396.477,0.8255492,8076.726
"Mmult All Ages","Sudden",2010,2005,4515.499,1.125713,20240.85
"Mmult All Ages","Sudden",2010,2006,3095.095,0.9214072,13672.76
"Mmult All Ages","Sudden",2010,2007,2855.234,0.5167854,11966.63
"Mmult All Ages","Sudden",2010,2008,3273.526,0.4751293,12503.51
"Mmult All Ages","Sudden",2010,2009,4248.241,0.4777867,25502.36
"Mmult All Ages","Sudden",2010,2010,4690.112,0.4003529,36291.66
"Mmult All Ages","Sudden",2010,2011,4212.511,0.4530939,16229.13
"Mmult All Ages","Sudden",2010,2012,3631.912,0.5988146,25017.47
"Mmult All Ages","Sudden",2010,2013,3128.458,0.4664763,28466.26
"Mmult All Ages","Sudden",2010,2014,3040.501,0.3944055,64434.03
"Mmult All Ages","Sudden",2010,2015,2870.514,0.3784888,11146.17
"Mmult All Ages","Ramp4",1995,1982,21103.53,0.2225488,21678.04
"Mmult All Ages","Ramp4",1995,1983,18313.14,0.3145888,10823.5
"Mmult All Ages","Ramp4",1995,1984,16039.55,0.3878206,6615.843
"Mmult All Ages","Ramp4",1995,1985,14816.65,0.447508,5447.433
"Mmult All Ages","Ramp4",1995,1986,13237.16,0.4258094,23717.17
"Mmult All Ages","Ramp4",1995,1987,11804.03,0.3661569,17949.16
"Mmult All Ages","Ramp4",1995,1988,9936.266,0.4226391,21063.45
"Mmult All Ages","Ramp4",1995,1989,7879.079,0.3309385,43518.6
"Mmult All Ages","Ramp4",1995,1990,7293.107,0.2103664,71011.81
"Mmult All Ages","Ramp4",1995,1991,7575.527,0.3058107,90768.28
"Mmult All Ages","Ramp4",1995,1992,7737.675,0.2810372,172766.3
"Mmult All Ages","Ramp4",1995,1993,7899.276,0.57096,345643.8
"Mmult All Ages","Ramp4",1995,1994,7873.153,0.7026473,374828.8
"Mmult All Ages","Ramp4",1995,1995,9139.383,0.5903364,281098.9
"Mmult All Ages","Ramp4",1995,1996,9899.083,0.4566635,379903.1
"Mmult All Ages","Ramp4",1995,1997,10771.55,0.367936,462685.7
"Mmult All Ages","Ramp4",1995,1998,13345.51,0.318736,443288.2
"Mmult All Ages","Ramp4",1995,1999,14144.59,0.2657008,405362.5
"Mmult All Ages","Ramp4",1995,2000,13943.7,0.2924723,282440.8
"Mmult All Ages","Ramp4",1995,2001,13647.41,0.3470179,192391.2
"Mmult All Ages","Ramp4",1995,2002,14494.44,0.3242299,96626.59
"Mmult All Ages","Ramp4",1995,2003,13146.32,0.4003098,80013.71
"Mmult All Ages","Ramp4",1995,2004,10955.35,0.4274094,105773.7
"Mmult All Ages","Ramp4",1995,2005,10030.18,0.5003844,240738.1
"Mmult All Ages","Ramp4",1995,2006,7070.89,0.4182874,138203.4
"Mmult All Ages","Ramp4",1995,2007,6234.31,0.2736814,102320.4
"Mmult All Ages","Ramp4",1995,2008,6225.18,0.311255,90269.56
"Mmult All Ages","Ramp4",1995,2009,7298.462,0.3817787,154592
"Mmult All Ages","Ramp4",1995,2010,6715.776,0.3521819,185202.5
"Mmult All Ages","Ramp4",1995,2011,6399.778,0.3632999,92262.4
"Mmult All Ages","Ramp4",1995,2012,6345.245,0.432235,156492.5
"Mmult All Ages","Ramp4",1995,2013,6753.631,0.3042259,191949.1
"Mmult All Ages","Ramp4",1995,2014,7358.111,0.2297249,494611
"Mmult All Ages","Ramp4",1995,2015,7738.781,0.1889546,86343.02
"Mmult All Ages","Ramp4",2000,1982,21320.36,0.2203053,18315.87
"Mmult All Ages","Ramp4",2000,1983,18388.12,0.3142188,8723.438
"Mmult All Ages","Ramp4",2000,1984,15829.38,0.3854863,4991.818
"Mmult All Ages","Ramp4",2000,1985,14269.56,0.4381666,3826.376
"Mmult All Ages","Ramp4",2000,1986,12416.6,0.4233682,15839.32
"Mmult All Ages","Ramp4",2000,1987,10662.01,0.3826219,10614.96
"Mmult All Ages","Ramp4",2000,1988,8540.516,0.4663716,10562.02
"Mmult All Ages","Ramp4",2000,1989,6274.474,0.405465,17054.79
"Mmult All Ages","Ramp4",2000,1990,5226.625,0.2959497,19972.39
"Mmult All Ages","Ramp4",2000,1991,4774.487,0.4772836,18522.69
"Mmult All Ages","Ramp4",2000,1992,4232.928,0.5083444,28596.71
"Mmult All Ages","Ramp4",2000,1993,3898.283,0.9189551,52537.93
"Mmult All Ages","Ramp4",2000,1994,3678.263,1.145383,58926.24
"Mmult All Ages","Ramp4",2000,1995,4560.883,0.9026309,51250.18
"Mmult All Ages","Ramp4",2000,1996,5872.925,0.5919245,88412.28
"Mmult All Ages","Ramp4",2000,1997,7591.013,0.4117581,132314.9
"Mmult All Ages","Ramp4",2000,1998,10523.66,0.3141377,149867.5
"Mmult All Ages","Ramp4",2000,1999,12299.29,0.2445777,152926.8
"Mmult All Ages","Ramp4",2000,2000,12456.59,0.2701632,111664.4
"Mmult All Ages","Ramp4",2000,2001,11717.28,0.3333457,75281.5
"Mmult All Ages","Ramp4",2000,2002,11844.47,0.3220045,37582.62
"Mmult All Ages","Ramp4",2000,2003,10494.43,0.422896,31026.16
"Mmult All Ages","Ramp4",2000,2004,8564.681,0.4713754,40967.02
"Mmult All Ages","Ramp4",2000,2005,7519.439,0.6194765,92939.82
"Mmult All Ages","Ramp4",2000,2006,5228.805,0.5208881,53426.89
"Mmult All Ages","Ramp4",2000,2007,4536.233,0.3360202,39486.33
"Mmult All Ages","Ramp4",2000,2008,4462.494,0.3727389,34796.26
"Mmult All Ages","Ramp4",2000,2009,5009.643,0.4565952,59626.04
"Mmult All Ages","Ramp4",2000,2010,4715.71,0.4271341,71112.64
"Mmult All Ages","Ramp4",2000,2011,4557.954,0.4467196,35154.25
"Mmult All Ages","Ramp4",2000,2012,4434.734,0.5362808,58969.8
"Mmult All Ages","Ramp4",2000,2013,4540.769,0.3758849,72054.6
"Mmult All Ages","Ramp4",2000,2014,4994.361,0.2792399,180672.9
"Mmult All Ages","Ramp4",2000,2015,5335.648,0.2266802,32176.53
"Mmult All Ages","Ramp4",2005,1982,21622.94,0.218662,16630.58
"Mmult All Ages","Ramp4",2005,1983,18598.62,0.3130517,7802.515
"Mmult All Ages","Ramp4",2005,1984,15899.96,0.3803628,4383.163
"Mmult All Ages","Ramp4",2005,1985,14241.95,0.4226215,3320.272
"Mmult All Ages","Ramp4",2005,1986,12380.45,0.4032028,14059.99
"Mmult All Ages","Ramp4",2005,1987,10630.42,0.3651208,9291.181
"Mmult All Ages","Ramp4",2005,1988,8542.171,0.4408184,9093.85
"Mmult All Ages","Ramp4",2005,1989,6328.331,0.3841448,14500.15
"Mmult All Ages","Ramp4",2005,1990,5270.031,0.2879404,16088.78
"Mmult All Ages","Ramp4",2005,1991,4716.597,0.4620898,13430.7
"Mmult All Ages","Ramp4",2005,1992,4039.945,0.5098397,17892.48
"Mmult All Ages","Ramp4",2005,1993,3577.955,0.8782962,27621.45
"Mmult All Ages","Ramp4",2005,1994,3108.692,1.14693,25788.5
"Mmult All Ages","Ramp4",2005,1995,3380.456,1.046371,18646.09
"Mmult All Ages","Ramp4",2005,1996,3696.536,0.8381551,26876.3
"Mmult All Ages","Ramp4",2005,1997,4235.254,0.6901444,36076.91
"Mmult All Ages","Ramp4",2005,1998,5525.592,0.5632158,39900.36
"Mmult All Ages","Ramp4",2005,1999,6641.989,0.4145251,42677.59
"Mmult All Ages","Ramp4",2005,2000,7490.674,0.4082373,35234.2
"Mmult All Ages","Ramp4",2005,2001,8218.525,0.4477576,28668.71
"Mmult All Ages","Ramp4",2005,2002,9315.941,0.3932988,16721.14
"Mmult All Ages","Ramp4",2005,2003,9105.325,0.5016625,15484.67
"Mmult All Ages","Ramp4",2005,2004,7772.279,0.5413847,22070.92
"Mmult All Ages","Ramp4",2005,2005,6782.662,0.7170737,51797.99
"Mmult All Ages","Ramp4",2005,2006,4603.915,0.5928774,29660.86
"Mmult All Ages","Ramp4",2005,2007,3925.718,0.373006,21789.28
"Mmult All Ages","Ramp4",2005,2008,3804.377,0.4088536,19081.48
"Mmult All Ages","Ramp4",2005,2009,4106.981,0.5033571,32537.46
"Mmult All Ages","Ramp4",2005,2010,3864.929,0.4772112,38522.58
"Mmult All Ages","Ramp4",2005,2011,3735.116,0.5077814,18899.78
"Mmult All Ages","Ramp4",2005,2012,3561.29,0.6191438,31345.29
"Mmult All Ages","Ramp4",2005,2013,3520.577,0.4382327,38279.87
"Mmult All Ages","Ramp4",2005,2014,3874.082,0.3250795,94047.35
"Mmult All Ages","Ramp4",2005,2015,4171.646,0.2630622,17071.99
"Mmult All Ages","Ramp4",2010,1982,21662.68,0.2189877,15910.73
"Mmult All Ages","Ramp4",2010,1983,18599.55,0.3139999,7415.325
"Mmult All Ages","Ramp4",2010,1984,15848.48,0.3796613,4133.388
"Mmult All Ages","Ramp4",2010,1985,14160.38,0.4175658,3120.216
"Mmult All Ages","Ramp4",2010,1986,12308.56,0.3959786,13407.72
"Mmult All Ages","Ramp4",2010,1987,10573.52,0.3584661,8840.738
"Mmult All Ages","Ramp4",2010,1988,8512.234,0.4304368,8638.685
"Mmult All Ages","Ramp4",2010,1989,6334.728,0.3750561,13872.57
"Mmult All Ages","Ramp4",2010,1990,5285.18,0.283689,15417.83
"Mmult All Ages","Ramp4",2010,1991,4707.836,0.4519818,12783.08
"Mmult All Ages","Ramp4",2010,1992,4009.327,0.5006909,16832.43
"Mmult All Ages","Ramp4",2010,1993,3549.719,0.8302252,25519.97
"Mmult All Ages","Ramp4",2010,1994,3064.244,1.072417,23179.1
"Mmult All Ages","Ramp4",2010,1995,3278.175,0.9850252,16121.33
"Mmult All Ages","Ramp4",2010,1996,3522.336,0.808611,22119.22
"Mmult All Ages","Ramp4",2010,1997,3939.346,0.6870471,27858.94
"Mmult All Ages","Ramp4",2010,1998,4967.475,0.5847034,28334.74
"Mmult All Ages","Ramp4",2010,1999,5743.788,0.4520621,26803.89
"Mmult All Ages","Ramp4",2010,2000,6167.906,0.470887,19080.95
"Mmult All Ages","Ramp4",2010,2001,6363.776,0.5505883,13419.13
"Mmult All Ages","Ramp4",2010,2002,6928.614,0.5094255,7371.779
"Mmult All Ages","Ramp4",2010,2003,6724.081,0.6872101,6850.56
"Mmult All Ages","Ramp4",2010,2004,5662.408,0.7898772,10285.16
"Mmult All Ages","Ramp4",2010,2005,4945.954,1.027348,26558.76
"Mmult All Ages","Ramp4",2010,2006,3601.526,0.7780783,18134.13
"Mmult All Ages","Ramp4",2010,2007,3403.338,0.4316635,15269.88
"Mmult All Ages","Ramp4",2010,2008,3674.827,0.4269742,14691.03
"Mmult All Ages","Ramp4",2010,2009,4174.632,0.4967915,26460.53
"Mmult All Ages","Ramp4",2010,2010,3961.425,0.4636714,31669.24
"Mmult All Ages","Ramp4",2010,2011,3709.88,0.5077417,15000.95
"Mmult All Ages","Ramp4",2010,2012,3373.835,0.6420914,24150.72
"Mmult All Ages","Ramp4",2010,2013,3128.128,0.4732196,28747.54
"Mmult All Ages","Ramp4",2010,2014,3289.455,0.3687485,67885.41
"Mmult All Ages","Ramp4",2010,2015,3389.191,0.3167887,12191.6
"Mmult All Ages","Ramp9",1995,1982,24603.14,0.1896737,32499.63
"Mmult All Ages","Ramp9",1995,1983,22134.37,0.2568574,18547.93
"Mmult All Ages","Ramp9",1995,1984,20636.92,0.2930794,13119.51
"Mmult All Ages","Ramp9",1995,1985,21052.77,0.2919412,12450.64
"Mmult All Ages","Ramp9",1995,1986,21661.97,0.2377443,63410.63
"Mmult All Ages","Ramp9",1995,1987,21646.6,0.1875302,52007.93
"Mmult All Ages","Ramp9",1995,1988,19489.05,0.2065012,62381.77
"Mmult All Ages","Ramp9",1995,1989,16049.25,0.1626079,126826.4
"Mmult All Ages","Ramp9",1995,1990,13929.75,0.1159719,192279.2
"Mmult All Ages","Ramp9",1995,1991,12320.93,0.1939184,214157
"Mmult All Ages","Ramp9",1995,1992,11149.58,0.200376,363830.3
"Mmult All Ages","Ramp9",1995,1993,10448.89,0.4627807,665419.3
"Mmult All Ages","Ramp9",1995,1994,9962.512,0.6069535,679174.9
"Mmult All Ages","Ramp9",1995,1995,11390.99,0.5215115,495275.1
"Mmult All Ages","Ramp9",1995,1996,12557.04,0.4008858,672310.5
"Mmult All Ages","Ramp9",1995,1997,13823.02,0.3181315,822626.8
"Mmult All Ages","Ramp9",1995,1998,17399.81,0.274015,791949.5
"Mmult All Ages","Ramp9",1995,1999,18442.58,0.2281089,728247.8
"Mmult All Ages","Ramp9",1995,2000,18282.4,0.2509359,511269.2
"Mmult All Ages","Ramp9",1995,2001,18070.87,0.2965741,349722
"Mmult All Ages","Ramp9",1995,2002,19423.09,0.2736492,175778.2
"Mmult All Ages","Ramp9",1995,2003,17625.6,0.3303456,145877.1
"Mmult All Ages","Ramp9",1995,2004,14820.72,0.3395445,193389.2
"Mmult All Ages","Ramp9",1995,2005,13847.86,0.3644496,442482.2
"Mmult All Ages","Ramp9",1995,2006,9910.53,0.3027401,254987.4
"Mmult All Ages","Ramp9",1995,2007,8820.349,0.1999999,189732.4
"Mmult All Ages","Ramp9",1995,2008,8785.825,0.2337239,167639.7
"Mmult All Ages","Ramp9",1995,2009,10406.15,0.2870873,286370.7
"Mmult All Ages","Ramp9",1995,2010,9427.605,0.2598918,342464.9
"Mmult All Ages","Ramp9",1995,2011,8937.084,0.2661042,170979.6
"Mmult All Ages","Ramp9",1995,2012,8983.86,0.3156888,290485
"Mmult All Ages","Ramp9",1995,2013,9736.33,0.2209023,356551.3
"Mmult All Ages","Ramp9",1995,2014,10548.72,0.1677472,928614.7
"Mmult All Ages","Ramp9",1995,2015,10965.87,0.1397474,161962.7
"Mmult All Ages","Ramp9",2000,1982,21179.69,0.2216774,19529.56
"Mmult All Ages","Ramp9",2000,1983,18298.7,0.3152581,9468.765
"Mmult All Ages","Ramp9",2000,1984,15841.49,0.3878102,5551.347
"Mmult All Ages","Ramp9",2000,1985,14395.39,0.443871,4364.314
"Mmult All Ages","Ramp9",2000,1986,12632.19,0.4273178,18363.1
"Mmult All Ages","Ramp9",2000,1987,10980.98,0.3801519,12863.77
"Mmult All Ages","Ramp9",2000,1988,8934.222,0.4559099,13616.04
"Mmult All Ages","Ramp9",2000,1989,6724.46,0.3830317,24231.13
"Mmult All Ages","Ramp9",2000,1990,5810.892,0.2656523,32644.63
"Mmult All Ages","Ramp9",2000,1991,5576.22,0.4127109,34772.19
"Mmult All Ages","Ramp9",2000,1992,5229.115,0.4137156,58777.98
"Mmult All Ages","Ramp9",2000,1993,5038.87,0.7826385,111906.8
"Mmult All Ages","Ramp9",2000,1994,4899.851,0.9594397,123569.5
"Mmult All Ages","Ramp9",2000,1995,5986.047,0.7629243,100812.2
"Mmult All Ages","Ramp9",2000,1996,7234.741,0.5301558,156654
"Mmult All Ages","Ramp9",2000,1997,8722.472,0.3913311,214474.6
"Mmult All Ages","Ramp9",2000,1998,11502.76,0.3154125,225991.7
"Mmult All Ages","Ramp9",2000,1999,12879.5,0.2535004,219864.6
"Mmult All Ages","Ramp9",2000,2000,12851.03,0.280077,157410.7
"Mmult All Ages","Ramp9",2000,2001,12250.25,0.3407062,106703
"Mmult All Ages","Ramp9",2000,2002,12610.31,0.3256084,53441.98
"Mmult All Ages","Ramp9",2000,2003,11292.43,0.4178253,44224.03
"Mmult All Ages","Ramp9",2000,2004,9302.584,0.4592155,58423.3
"Mmult All Ages","Ramp9",2000,2005,8316.89,0.5735857,132683.4
"Mmult All Ages","Ramp9",2000,2006,5829.762,0.480533,76302.1
"Mmult All Ages","Ramp9",2000,2007,5096.657,0.3109298,56500.83
"Mmult All Ages","Ramp9",2000,2008,5044.367,0.3477905,49871.91
"Mmult All Ages","Ramp9",2000,2009,5755.931,0.4257903,85514.9
"Mmult All Ages","Ramp9",2000,2010,5381.909,0.3957514,102300.4
"Mmult All Ages","Ramp9",2000,2011,5179.426,0.4114547,50779.65
"Mmult All Ages","Ramp9",2000,2012,5080.132,0.491691,85716.16
"Mmult All Ages","Ramp9",2000,2013,5286.46,0.3441774,104843.6
"Mmult All Ages","Ramp9",2000,2014,5798.999,0.2568043,266060.6
"Mmult All Ages","Ramp9",2000,2015,6159.738,0.2093596,47092.55
"Mmult All Ages","Ramp9",2005,1982,21511.88,0.2192116,17293.57
"Mmult All Ages","Ramp9",2005,1983,18523.67,0.3133844,8163.499
"Mmult All Ages","Ramp9",2005,1984,15879.12,0.3822879,4621.082
"Mmult All Ages","Ramp9",2005,1985,14258.38,0.4286069,3517.193
"Mmult All Ages","Ramp9",2005,1986,12399.81,0.4109829,14750.59
"Mmult All Ages","Ramp9",2005,1987,10647.78,0.3719294,9799.981
"Mmult All Ages","Ramp9",2005,1988,8545.505,0.4507793,9652.541
"Mmult All Ages","Ramp9",2005,1989,6309.753,0.3925075,15447.42
"Mmult All Ages","Ramp9",2005,1990,5254.092,0.2912306,17460.79
"Mmult All Ages","Ramp9",2005,1991,4738.523,0.4685588,15151.8
"Mmult All Ages","Ramp9",2005,1992,4111.039,0.5105407,21390.64
"Mmult All Ages","Ramp9",2005,1993,3690.604,0.899255,35511.06
"Mmult All Ages","Ramp9",2005,1994,3303.08,1.157623,35918.27
"Mmult All Ages","Ramp9",2005,1995,3776.431,1.001495,28186.45
"Mmult All Ages","Ramp9",2005,1996,4407.826,0.7401821,43972.46
"Mmult All Ages","Ramp9",2005,1997,5324.548,0.5644275,61899.88
"Mmult All Ages","Ramp9",2005,1998,7174.296,0.4431077,69199.9
"Mmult All Ages","Ramp9",2005,1999,8585.675,0.3314017,72555.61
"Mmult All Ages","Ramp9",2005,2000,9290.829,0.3408356,56832.34
"Mmult All Ages","Ramp9",2005,2001,9566.085,0.3918017,42667.52
"Mmult All Ages","Ramp9",2005,2002,10329.74,0.3586694,23275.36
"Mmult All Ages","Ramp9",2005,2003,9678.372,0.4636423,20510.9
"Mmult All Ages","Ramp9",2005,2004,8110.516,0.5089422,28288.98
"Mmult All Ages","Ramp9",2005,2005,7093.66,0.6702101,65434.32
"Mmult All Ages","Ramp9",2005,2006,4870.445,0.5580897,37538.43
"Mmult All Ages","Ramp9",2005,2007,4181.129,0.354654,27651.92
"Mmult All Ages","Ramp9",2005,2008,4069.311,0.3911096,24281.11
"Mmult All Ages","Ramp9",2005,2009,4453.715,0.4808462,41482.72
"Mmult All Ages","Ramp9",2005,2010,4192.506,0.4533496,49259.9
"Mmult All Ages","Ramp9",2005,2011,4052.261,0.4792812,24247.7
"Mmult All Ages","Ramp9",2005,2012,3895.735,0.5808128,40405.68
"Mmult All Ages","Ramp9",2005,2013,3907.252,0.4089256,49362.84
"Mmult All Ages","Ramp9",2005,2014,4300.077,0.3032755,122288.1
"Mmult All Ages","Ramp9",2005,2015,4614.042,0.2457953,22041.88
"Mmult All Ages","Ramp9",2010,1982,21634.64,0.2189259,16252.38
"Mmult All Ages","Ramp9",2010,1983,18589.83,0.3136933,7599.662
"Mmult All Ages","Ramp9",2010,1984,15863.68,0.3801781,4252.503
"Mmult All Ages","Ramp9",2010,1985,14189.86,0.42017,3215.645
"Mmult All Ages","Ramp9",2010,1986,12334.23,0.3996133,13718.25
"Mmult All Ages","Ramp9",2010,1987,10593.16,0.3618297,9054.713
"Mmult All Ages","Ramp9",2010,1988,8519.964,0.435632,8854.306
"Mmult All Ages","Ramp9",2010,1989,6326.091,0.3796607,14167.13
"Mmult All Ages","Ramp9",2010,1990,5272.663,0.2859702,15727.48
"Mmult All Ages","Ramp9",2010,1991,4707.213,0.4571658,13077.74
"Mmult All Ages","Ramp9",2010,1992,4020.087,0.5054714,17308.04
"Mmult All Ages","Ramp9",2010,1993,3559.006,0.8553977,26451.3
"Mmult All Ages","Ramp9",2010,1994,3080.794,1.111761,24327.54
"Mmult All Ages","Ramp9",2010,1995,3321.567,1.018568,17225.17
"Mmult All Ages","Ramp9",2010,1996,3597.412,0.8268582,24180.99
"Mmult All Ages","Ramp9",2010,1997,4067.444,0.6929443,31388.6
"Mmult All Ages","Ramp9",2010,1998,5209.708,0.5785083,33245.77
"Mmult All Ages","Ramp9",2010,1999,6132.514,0.4369681,33440.53
"Mmult All Ages","Ramp9",2010,2000,6737.706,0.4432742,25703.49
"Mmult All Ages","Ramp9",2010,2001,7156.83,0.5028584,19518.53
"Mmult All Ages","Ramp9",2010,2002,7941.335,0.4538053,11069.32
"Mmult All Ages","Ramp9",2010,2003,7734.789,0.5956286,10271.09
"Mmult All Ages","Ramp9",2010,2004,6570.075,0.6611478,15026.89
"Mmult All Ages","Ramp9",2010,2005,5765.344,0.8671852,37001.43
"Mmult All Ages","Ramp9",2010,2006,4064.212,0.6814989,23128.49
"Mmult All Ages","Ramp9",2010,2007,3654.844,0.4016954,18182.83
"Mmult All Ages","Ramp9",2010,2008,3738.555,0.4183355,16684.25
"Mmult All Ages","Ramp9",2010,2009,4135.522,0.5012054,29235.63
"Mmult All Ages","Ramp9",2010,2010,3904.786,0.4722263,34791.02
"Mmult All Ages","Ramp9",2010,2011,3711.468,0.5102884,16764.71
"Mmult All Ages","Ramp9",2010,2012,3452.448,0.6341038,27383.3
"Mmult All Ages","Ramp9",2010,2013,3302.642,0.4586244,33006.41
"Mmult All Ages","Ramp9",2010,2014,3551.53,0.3489891,79479.62
"Mmult All Ages","Ramp9",2010,2015,3741.793,0.290939,14353.35
"Mmult Old","Sudden",1995,1982,21432.88,0.2203974,21322.83
"Mmult Old","Sudden",1995,1983,18743.33,0.3137977,10238.67
"Mmult Old","Sudden",1995,1984,16528.87,0.3908433,5870.051
"Mmult Old","Sudden",1995,1985,15294.69,0.455329,4527.877
"Mmult Old","Sudden",1995,1986,13565.65,0.4374119,19450.94
"Mmult Old","Sudden",1995,1987,11894.17,0.381792,13494.29
"Mmult Old","Sudden",1995,1988,9736.417,0.4563333,14407.98
"Mmult Old","Sudden",1995,1989,7367.733,0.3702133,27663.07
"Mmult Old","Sudden",1995,1990,6450.207,0.2524107,42489.48
"Mmult Old","Sudden",1995,1991,6304.897,0.3926917,41866.4
"Mmult Old","Sudden",1995,1992,6283.322,0.3632555,63584.66
"Mmult Old","Sudden",1995,1993,6912.289,0.7044483,106335.8
"Mmult Old","Sudden",1995,1994,8338.565,0.7161476,102784.2
"Mmult Old","Sudden",1995,1995,11914.34,0.5449027,73271.66
"Mmult Old","Sudden",1995,1996,12573.9,0.4621961,101282.6
"Mmult Old","Sudden",1995,1997,14664.72,0.3668226,124637.4
"Mmult Old","Sudden",1995,1998,19396.21,0.3049517,119962.1
"Mmult Old","Sudden",1995,1999,20750.61,0.2447518,109839.8
"Mmult Old","Sudden",1995,2000,19714.5,0.2661144,77230.53
"Mmult Old","Sudden",1995,2001,19857.93,0.3074488,53430.96
"Mmult Old","Sudden",1995,2002,21818.19,0.2750982,27129.13
"Mmult Old","Sudden",1995,2003,20478.71,0.3194835,22422
"Mmult Old","Sudden",1995,2004,17329.27,0.3223252,29553.42
"Mmult Old","Sudden",1995,2005,15823.17,0.3815378,65596.31
"Mmult Old","Sudden",1995,2006,10787.62,0.3280791,37656.92
"Mmult Old","Sudden",1995,2007,8819.666,0.2283739,27848.15
"Mmult Old","Sudden",1995,2008,8438.117,0.2732375,24664.23
"Mmult Old","Sudden",1995,2009,10442.27,0.3392932,42309.87
"Mmult Old","Sudden",1995,2010,10919,0.3061817,51658.32
"Mmult Old","Sudden",1995,2011,10040.15,0.3067749,26854.8
"Mmult Old","Sudden",1995,2012,9247.357,0.3600806,46905.48
"Mmult Old","Sudden",1995,2013,9684.355,0.2617542,61487.24
"Mmult Old","Sudden",1995,2014,11153.78,0.2030931,156677.5
"Mmult Old","Sudden",1995,2015,11988.04,0.1662703,30696.2
"Mmult Old","Sudden",2000,1982,21897.47,0.2158173,18890.93
"Mmult Old","Sudden",2000,1983,19067.61,0.3083844,8883.046
"Mmult Old","Sudden",2000,1984,16613.26,0.3805033,4971.264
"Mmult Old","Sudden",2000,1985,15146.87,0.4336877,3747.415
"Mmult Old","Sudden",2000,1986,13291.12,0.4160853,15864.46
"Mmult Old","Sudden",2000,1987,11495.54,0.3716503,10492.24
"Mmult Old","Sudden",2000,1988,9280.546,0.4496491,10317.56
"Mmult Old","Sudden",2000,1989,6893.612,0.3802462,16645.18
"Mmult Old","Sudden",2000,1990,5817.912,0.2750485,19305.18
"Mmult Old","Sudden",2000,1991,5328.515,0.44691,17440.22
"Mmult Old","Sudden",2000,1992,4691.332,0.4825255,26087.62
"Mmult Old","Sudden",2000,1993,4284.004,0.8811953,46464.33
"Mmult Old","Sudden",2000,1994,3914.993,1.149735,51201.52
"Mmult Old","Sudden",2000,1995,4638.896,0.9599724,44767.44
"Mmult Old","Sudden",2000,1996,5729.325,0.6445863,65089.8
"Mmult Old","Sudden",2000,1997,7604.017,0.4261706,82120.97
"Mmult Old","Sudden",2000,1998,11696.18,0.2812174,79587.15
"Mmult Old","Sudden",2000,1999,16518.2,0.1748574,72688.91
"Mmult Old","Sudden",2000,2000,19648.14,0.1799017,50874.97
"Mmult Old","Sudden",2000,2001,16959.13,0.2415423,35021.71
"Mmult Old","Sudden",2000,2002,17009.34,0.233324,17736.44
"Mmult Old","Sudden",2000,2003,15361.61,0.2917462,14677.32
"Mmult Old","Sudden",2000,2004,12871.5,0.3074801,19354.51
"Mmult Old","Sudden",2000,2005,11633.63,0.4362558,42956.96
"Mmult Old","Sudden",2000,2006,8085.192,0.3748979,24733.7
"Mmult Old","Sudden",2000,2007,6723.017,0.2551828,18316.31
"Mmult Old","Sudden",2000,2008,6353.116,0.2984472,16186.5
"Mmult Old","Sudden",2000,2009,7443.746,0.3686293,27693.93
"Mmult Old","Sudden",2000,2010,7654.251,0.3369087,33603.38
"Mmult Old","Sudden",2000,2011,7203.146,0.3434345,17408.4
"Mmult Old","Sudden",2000,2012,6698.066,0.407572,30350.99
"Mmult Old","Sudden",2000,2013,6851.9,0.2919728,39721.5
"Mmult Old","Sudden",2000,2014,7810.987,0.2234741,101032.7
"Mmult Old","Sudden",2000,2015,8454.162,0.1827898,19765.4
"Mmult Old","Sudden",2005,1982,22020.55,0.21525,16830.65
"Mmult Old","Sudden",2005,1983,19045.7,0.3084009,7836.939
"Mmult Old","Sudden",2005,1984,16391.07,0.3755223,4345.85
"Mmult Old","Sudden",2005,1985,14773.01,0.417024,3260.711
"Mmult Old","Sudden",2005,1986,12904.51,0.3959327,13985.58
"Mmult Old","Sudden",2005,1987,11126.19,0.356613,9175.519
"Mmult Old","Sudden",2005,1988,8984.817,0.4286767,8928.05
"Mmult Old","Sudden",2005,1989,6704.56,0.3682385,14289.57
"Mmult Old","Sudden",2005,1990,5626.569,0.2746437,15910.05
"Mmult Old","Sudden",2005,1991,5040.058,0.4424387,13273.8
"Mmult Old","Sudden",2005,1992,4294.323,0.4919444,17670.11
"Mmult Old","Sudden",2005,1993,3791.279,0.841337,27116.58
"Mmult Old","Sudden",2005,1994,3251.199,1.10753,24989.93
"Mmult Old","Sudden",2005,1995,3483.17,1.018109,17702.03
"Mmult Old","Sudden",2005,1996,3771.503,0.8225502,24920.81
"Mmult Old","Sudden",2005,1997,4273.14,0.6860772,32478.46
"Mmult Old","Sudden",2005,1998,5483.227,0.5695927,34950.47
"Mmult Old","Sudden",2005,1999,6480.941,0.428838,37591.05
"Mmult Old","Sudden",2005,2000,7138.179,0.4352348,31945.38
"Mmult Old","Sudden",2005,2001,7634.122,0.4911527,22568.4
"Mmult Old","Sudden",2005,2002,8806.63,0.4227878,11591.07
"Mmult Old","Sudden",2005,2003,9336.606,0.4914553,9712.725
"Mmult Old","Sudden",2005,2004,9361.767,0.4051792,12859.82
"Mmult Old","Sudden",2005,2005,9976.715,0.4637191,28469.01
"Mmult Old","Sudden",2005,2006,6654.288,0.4082244,16405.19
"Mmult Old","Sudden",2005,2007,5336.688,0.282866,12125.97
"Mmult Old","Sudden",2005,2008,4862.886,0.3324114,10662.07
"Mmult Old","Sudden",2005,2009,5358.643,0.4146199,18128.44
"Mmult Old","Sudden",2005,2010,5387.281,0.3839909,21884.33
"Mmult Old","Sudden",2005,2011,5133.646,0.3992181,11324.78
"Mmult Old","Sudden",2005,2012,4777.91,0.4834076,19723.2
"Mmult Old","Sudden",2005,2013,4764.635,0.3451644,25744.74
"Mmult Old","Sudden",2005,2014,5391.375,0.2610989,65193.2
"Mmult Old","Sudden",2005,2015,5881.925,0.21225,12843.65
"Mmult Old","Sudden",2010,1982,21760.95,0.2182913,15997.6
"Mmult Old","Sudden",2010,1983,18723.89,0.3132178,7427.042
"Mmult Old","Sudden",2010,1984,15999.42,0.3790948,4109.203
"Mmult Old","Sudden",2010,1985,14336.74,0.4166711,3085.975
"Mmult Old","Sudden",2010,1986,12491.78,0.3940434,13374.47
"Mmult Old","Sudden",2010,1987,10753.55,0.3557705,8784.263
"Mmult Old","Sudden",2010,1988,8674.533,0.4262857,8552.696
"Mmult Old","Sudden",2010,1989,6473.655,0.3691408,13761.27
"Mmult Old","Sudden",2010,1990,5418.705,0.2787229,15324.89
"Mmult Old","Sudden",2010,1991,4830.455,0.4443759,12714.28
"Mmult Old","Sudden",2010,1992,4107.556,0.4935053,16778.04
"Mmult Old","Sudden",2010,1993,3633.738,0.8169469,25471.2
"Mmult Old","Sudden",2010,1994,3123.344,1.058158,23105.26
"Mmult Old","Sudden",2010,1995,3327.046,0.9739714,16029.82
"Mmult Old","Sudden",2010,1996,3568.087,0.8000044,21995.22
"Mmult Old","Sudden",2010,1997,3985.285,0.6802505,27695.28
"Mmult Old","Sudden",2010,1998,5014.905,0.5797375,28136.37
"Mmult Old","Sudden",2010,1999,5792.298,0.4498311,26328.59
"Mmult Old","Sudden",2010,2000,6206.209,0.4695988,18040.02
"Mmult Old","Sudden",2010,2001,6385.093,0.5507792,12133.71
"Mmult Old","Sudden",2010,2002,6924.886,0.5115561,6419.191
"Mmult Old","Sudden",2010,2003,6680.093,0.6941387,5814.628
"Mmult Old","Sudden",2010,2004,5545.898,0.8192364,8684.003
"Mmult Old","Sudden",2010,2005,4656.145,1.155549,22611.59
"Mmult Old","Sudden",2010,2006,3220.279,0.9323768,13359.82
"Mmult Old","Sudden",2010,2007,3023.224,0.504581,9976.862
"Mmult Old","Sudden",2010,2008,3532.699,0.4494866,8757.216
"Mmult Old","Sudden",2010,2009,4623.558,0.4375358,14813.82
"Mmult Old","Sudden",2010,2010,5081.937,0.3698973,17780.94
"Mmult Old","Sudden",2010,2011,4572.226,0.4246403,9193.518
"Mmult Old","Sudden",2010,2012,4072.157,0.5482157,16023.33
"Mmult Old","Sudden",2010,2013,3921.459,0.4077778,20879.18
"Mmult Old","Sudden",2010,2014,4386.671,0.3126466,52225.89
"Mmult Old","Sudden",2010,2015,4754.368,0.2578937,10386.63
"Mmult Old","Ramp4",1995,1982,22741.24,0.2069437,24317.32
"Mmult Old","Ramp4",1995,1983,20177.23,0.2907588,12215.08
"Mmult Old","Ramp4",1995,1984,18192.07,0.3556393,7401.656
"Mmult Old","Ramp4",1995,1985,17378.58,0.3986053,6080.689
"Mmult Old","Ramp4",1995,1986,16198.07,0.3595574,28562.09
"Mmult Old","Ramp4",1995,1987,15182.06,0.291422,20840.92
"Mmult Old","Ramp4",1995,1988,13565.4,0.3145521,22674.67
"Mmult Old","Ramp4",1995,1989,11645.57,0.2233277,42113.93
"Mmult Old","Ramp4",1995,1990,11456.87,0.1371343,55769.93
"Mmult Old","Ramp4",1995,1991,11914.42,0.2003063,52775.6
"Mmult Old","Ramp4",1995,1992,11459.33,0.1970448,78130.61
"Mmult Old","Ramp4",1995,1993,11060.43,0.4633905,129046.7
"Mmult Old","Ramp4",1995,1994,11047.27,0.6391291,123745.6
"Mmult Old","Ramp4",1995,1995,13607.57,0.5650446,88073.09
"Mmult Old","Ramp4",1995,1996,15335.53,0.4337144,121843.8
"Mmult Old","Ramp4",1995,1997,18056.64,0.3312554,149969.9
"Mmult Old","Ramp4",1995,1998,23707.53,0.2756899,144740.7
"Mmult Old","Ramp4",1995,1999,25133.03,0.2225849,132889.9
"Mmult Old","Ramp4",1995,2000,23704.43,0.2424529,93635.61
"Mmult Old","Ramp4",1995,2001,23856.89,0.2817598,64853.8
"Mmult Old","Ramp4",1995,2002,26240.93,0.2527004,32922.11
"Mmult Old","Ramp4",1995,2003,24633.71,0.2908563,27231
"Mmult Old","Ramp4",1995,2004,20902.43,0.2880645,35954.16
"Mmult Old","Ramp4",1995,2005,19161.12,0.3195569,79976.75
"Mmult Old","Ramp4",1995,2006,13095.11,0.2741233,46051.7
"Mmult Old","Ramp4",1995,2007,10695.04,0.1917782,34175.99
"Mmult Old","Ramp4",1995,2008,10212.36,0.2327042,30339.35
"Mmult Old","Ramp4",1995,2009,12693.7,0.2896273,52089.13
"Mmult Old","Ramp4",1995,2010,13305.78,0.2591196,63538.44
"Mmult Old","Ramp4",1995,2011,12210.78,0.2583307,33029.32
"Mmult Old","Ramp4",1995,2012,11280.37,0.301514,57588.64
"Mmult Old","Ramp4",1995,2013,11888.59,0.2182178,75369.73
"Mmult Old","Ramp4",1995,2014,13698.27,0.1695616,191581.8
"Mmult Old","Ramp4",1995,2015,14659.02,0.1392134,37755.43
"Mmult Old","Ramp4",2000,1982,21661.85,0.2180292,19815.35
"Mmult Old","Ramp4",2000,1983,18890.23,0.3111701,9379.854
"Mmult Old","Ramp4",2000,1984,16530.18,0.385656,5285.306
"Mmult Old","Ramp4",2000,1985,15146.41,0.4440638,4008.626
"Mmult Old","Ramp4",2000,1986,13325.74,0.4274026,16988.19
"Mmult Old","Ramp4",2000,1987,11558.32,0.3794718,11364.97
"Mmult Old","Ramp4",2000,1988,9346.246,0.4589508,11352.95
"Mmult Old","Ramp4",2000,1989,6949.515,0.3842004,18872.66
"Mmult Old","Ramp4",2000,1990,5908.898,0.2729407,23572.26
"Mmult Old","Ramp4",2000,1991,5512.979,0.4399,23848.92
"Mmult Old","Ramp4",2000,1992,5020.364,0.458206,38884.69
"Mmult Old","Ramp4",2000,1993,4797.669,0.8786567,71020.69
"Mmult Old","Ramp4",2000,1994,4764.613,1.09579,74170.11
"Mmult Old","Ramp4",2000,1995,6352.955,0.7938884,56115.98
"Mmult Old","Ramp4",2000,1996,8737.501,0.4718221,78827.66
"Mmult Old","Ramp4",2000,1997,11668.04,0.3159418,97388.9
"Mmult Old","Ramp4",2000,1998,16340.75,0.2431216,93516.69
"Mmult Old","Ramp4",2000,1999,18693.94,0.197119,85286.66
"Mmult Old","Ramp4",2000,2000,17944.57,0.2253897,59851.54
"Mmult Old","Ramp4",2000,2001,17099.63,0.2758727,41332.07
"Mmult Old","Ramp4",2000,2002,18221.65,0.2528805,20964.83
"Mmult Old","Ramp4",2000,2003,16937.18,0.3038014,17344.43
"Mmult Old","Ramp4",2000,2004,14314.66,0.3138512,22871.95
"Mmult Old","Ramp4",2000,2005,13045.95,0.4156035,50768.32
"Mmult Old","Ramp4",2000,2006,9015.757,0.3568175,29197.16
"Mmult Old","Ramp4",2000,2007,7454.868,0.2448234,21612.76
"Mmult Old","Ramp4",2000,2008,7079.864,0.2886993,19120.55
"Mmult Old","Ramp4",2000,2009,8484.468,0.3571418,32755.35
"Mmult Old","Ramp4",2000,2010,8790.494,0.324717,39857.9
"Mmult Old","Ramp4",2000,2011,8200.788,0.328592,20680.3
"Mmult Old","Ramp4",2000,2012,7598.524,0.3880988,36092.85
"Mmult Old","Ramp4",2000,2013,7848.102,0.2795508,47283.5
"Mmult Old","Ramp4",2000,2014,8982.911,0.2151678,120376.6
"Mmult Old","Ramp4",2000,2015,9697.728,0.1760645,23556.47
"Mmult Old","Ramp4",2005,1982,22076.79,0.2143833,17613.9
"Mmult Old","Ramp4",2005,1983,19159.43,0.3067942,8226.817
"Mmult Old","Ramp4",2005,1984,16578.56,0.3755839,4575.296
"Mmult Old","Ramp4",2005,1985,15013.36,0.4212909,3435.749
"Mmult Old","Ramp4",2005,1986,13139.8,0.4015701,14641.32
"Mmult Old","Ramp4",2005,1987,11342.84,0.3606716,9620.703
"Mmult Old","Ramp4",2005,1988,9161.291,0.4347398,9382.058
"Mmult Old","Ramp4",2005,1989,6827.103,0.3710845,15003.81
"Mmult Old","Ramp4",2005,1990,5740.949,0.273618,16840.48
"Mmult Old","Ramp4",2005,1991,5177.507,0.4434706,14314.42
"Mmult Old","Ramp4",2005,1992,4447.7,0.4901083,19596.74
"Mmult Old","Ramp4",2005,1993,3954.587,0.8547624,31220.37
"Mmult Old","Ramp4",2005,1994,3437.161,1.127351,30173.67
"Mmult Old","Ramp4",2005,1995,3768.432,1.015506,22800.56
"Mmult Old","Ramp4",2005,1996,4213.617,0.783319,35076.97
"Mmult Old","Ramp4",2005,1997,4983.75,0.6131643,48575.71
"Mmult Old","Ramp4",2005,1998,6759.054,0.474533,52848.28
"Mmult Old","Ramp4",2005,1999,8518.156,0.3331489,53462.06
"Mmult Old","Ramp4",2005,2000,10105.78,0.3078835,39681.9
"Mmult Old","Ramp4",2005,2001,11684.9,0.315736,27634.09
"Mmult Old","Ramp4",2005,2002,13709.61,0.2633453,14042.3
"Mmult Old","Ramp4",2005,2003,13652.72,0.3103224,11654.47
"Mmult Old","Ramp4",2005,2004,12081.45,0.3123587,15354.85
"Mmult Old","Ramp4",2005,2005,10844.07,0.433369,33967.94
"Mmult Old","Ramp4",2005,2006,7355.019,0.3832809,19535.71
"Mmult Old","Ramp4",2005,2007,5983.945,0.2643526,14424.65
"Mmult Old","Ramp4",2005,2008,5515.763,0.3110115,12680.84
"Mmult Old","Ramp4",2005,2009,6205.48,0.3870145,21567.07
"Mmult Old","Ramp4",2005,2010,6280.633,0.3572857,26031.31
"Mmult Old","Ramp4",2005,2011,5940.227,0.3695171,13456.62
"Mmult Old","Ramp4",2005,2012,5513.283,0.4452248,23426.31
"Mmult Old","Ramp4",2005,2013,5541.33,0.319198,30603
"Mmult Old","Ramp4",2005,2014,6271.467,0.2434505,77708.66
"Mmult Old","Ramp4",2005,2015,6800.039,0.199175,15230.47
"Mmult Old","Ramp4",2010,1982,21812.09,0.2176703,16211.21
"Mmult Old","Ramp4",2010,1983,18791.07,0.312243,7533.644
"Mmult Old","Ramp4",2010,1984,16084.63,0.3785118,4171.059
"Mmult Old","Ramp4",2010,1985,14433.39,0.4171163,3131.804
"Mmult Old","Ramp4",2010,1986,12583.65,0.3948578,13532.86
"Mmult Old","Ramp4",2010,1987,10837.12,0.3563004,8884.514
"Mmult Old","Ramp4",2010,1988,8743.707,0.4273115,8646.735
"Mmult Old","Ramp4",2010,1989,6524.002,0.3693442,13889.5
"Mmult Old","Ramp4",2010,1990,5463.598,0.2780415,15458.9
"Mmult Old","Ramp4",2010,1991,4876.588,0.4444354,12832.63
"Mmult Old","Ramp4",2010,1992,4149.305,0.4937028,16953.55
"Mmult Old","Ramp4",2010,1993,3668.143,0.8231916,25773.72
"Mmult Old","Ramp4",2010,1994,3149.393,1.069989,23439.48
"Mmult Old","Ramp4",2010,1995,3357.131,0.9846607,16320.18
"Mmult Old","Ramp4",2010,1996,3605.528,0.8062888,22481.1
"Mmult Old","Ramp4",2010,1997,4036.886,0.6838993,28447.93
"Mmult Old","Ramp4",2010,1998,5096.339,0.5802775,29123.31
"Mmult Old","Ramp4",2010,1999,5907.356,0.4476906,27831.56
"Mmult Old","Ramp4",2010,2000,6356.561,0.4655345,20128.13
"Mmult Old","Ramp4",2010,2001,6577.312,0.543927,14749.06
"Mmult Old","Ramp4",2010,2002,7196.863,0.500944,8114.574
"Mmult Old","Ramp4",2010,2003,7038.938,0.6731372,7296.411
"Mmult Old","Ramp4",2010,2004,6023.068,0.7564917,10285.36
"Mmult Old","Ramp4",2010,2005,5426.261,0.9683008,23852.13
"Mmult Old","Ramp4",2010,2006,4133.119,0.6822581,13930.82
"Mmult Old","Ramp4",2010,2007,3995.549,0.3681735,10354.33
"Mmult Old","Ramp4",2010,2008,4243.755,0.3698508,9118.585
"Mmult Old","Ramp4",2010,2009,4836.702,0.4345247,15531.09
"Mmult Old","Ramp4",2010,2010,4822.383,0.4076628,18778.57
"Mmult Old","Ramp4",2010,2011,4537.986,0.4402721,9732.802
"Mmult Old","Ramp4",2010,2012,4179.498,0.5432215,16957.53
"Mmult Old","Ramp4",2010,2013,4118.508,0.3913884,22118.65
"Mmult Old","Ramp4",2010,2014,4659.15,0.2950539,55597.29
"Mmult Old","Ramp4",2010,2015,5112.682,0.2385234,11043.05
"Mmult Old","Ramp9",1995,1982,39689.63,0.112833,52769.38
"Mmult Old","Ramp9",1995,1983,38482.34,0.1412507,28000.22
"Mmult Old","Ramp9",1995,1984,39432.9,0.1431969,17045.57
"Mmult Old","Ramp9",1995,1985,44532.55,0.123593,13429.6
"Mmult Old","Ramp9",1995,1986,50169.37,0.09301872,58129.95
"Mmult Old","Ramp9",1995,1987,52077.9,0.07260485,38289.42
"Mmult Old","Ramp9",1995,1988,47255.6,0.07997545,38217.74
"Mmult Old","Ramp9",1995,1989,38582.86,0.06630126,67104.25
"Mmult Old","Ramp9",1995,1990,31508.24,0.05177993,86466.18
"Mmult Old","Ramp9",1995,1991,25302.22,0.09295798,81774.09
"Mmult Old","Ramp9",1995,1992,20663.95,0.1035171,121537.6
"Mmult Old","Ramp9",1995,1993,18497.44,0.2840027,200714.2
"Mmult Old","Ramp9",1995,1994,18307.26,0.3885012,191951.1
"Mmult Old","Ramp9",1995,1995,22603.83,0.3338167,136392
"Mmult Old","Ramp9",1995,1996,25723.17,0.2516313,189160.9
"Mmult Old","Ramp9",1995,1997,30106.37,0.1936183,234511.8
"Mmult Old","Ramp9",1995,1998,38989.51,0.1643854,230104.7
"Mmult Old","Ramp9",1995,1999,41319.97,0.1357047,213595.6
"Mmult Old","Ramp9",1995,2000,39045.24,0.1486394,151932.2
"Mmult Old","Ramp9",1995,2001,39357.81,0.1735313,105676
"Mmult Old","Ramp9",1995,2002,43508.46,0.154994,53588.93
"Mmult Old","Ramp9",1995,2003,41325.53,0.1752195,44517.63
"Mmult Old","Ramp9",1995,2004,35855.19,0.1644206,59208.2
"Mmult Old","Ramp9",1995,2005,33623.71,0.1589453,132814.8
"Mmult Old","Ramp9",1995,2006,23788.83,0.1346613,77302.75
"Mmult Old","Ramp9",1995,2007,19721.13,0.09438308,57984.25
"Mmult Old","Ramp9",1995,2008,18471.42,0.1176067,51707.29
"Mmult Old","Ramp9",1995,2009,22299.99,0.1460868,88672.93
"Mmult Old","Ramp9",1995,2010,23310.4,0.1278087,107611.6
"Mmult Old","Ramp9",1995,2011,21631.26,0.1270312,55808.1
"Mmult Old","Ramp9",1995,2012,20288.21,0.1480171,96908.88
"Mmult Old","Ramp9",1995,2013,21405.44,0.104928,126352.3
"Mmult Old","Ramp9",1995,2014,24454.7,0.08133791,318804.6
"Mmult Old","Ramp9",1995,2015,25898.49,0.06754693,63143.21
"Mmult Old","Ramp9",2000,1982,21959.81,0.2151212,21491.62
"Mmult Old","Ramp9",2000,1983,19270.08,0.3054942,10402.39
"Mmult Old","Ramp9",2000,1984,17054.09,0.3779419,6027.892
"Mmult Old","Ramp9",2000,1985,15867.04,0.4334324,4720.452
"Mmult Old","Ramp9",2000,1986,14237.88,0.4090034,20863.4
"Mmult Old","Ramp9",2000,1987,12690.89,0.3511298,14499.3
"Mmult Old","Ramp9",2000,1988,10645.49,0.4070095,15100.38
"Mmult Old","Ramp9",2000,1989,8374.793,0.3174212,26682.86
"Mmult Old","Ramp9",2000,1990,7596.674,0.2102937,34744.53
"Mmult Old","Ramp9",2000,1991,7496.412,0.3216556,34353.24
"Mmult Old","Ramp9",2000,1992,7112.687,0.3197085,53787.65
"Mmult Old","Ramp9",2000,1993,6971.557,0.6602763,93848.57
"Mmult Old","Ramp9",2000,1994,7093.194,0.8336707,94223.97
"Mmult Old","Ramp9",2000,1995,9249.772,0.6497596,69246.04
"Mmult Old","Ramp9",2000,1996,11561.56,0.4379154,96421.29
"Mmult Old","Ramp9",2000,1997,14377.21,0.3169742,118702.9
"Mmult Old","Ramp9",2000,1998,19379.67,0.2567175,114025.4
"Mmult Old","Ramp9",2000,1999,21336.5,0.2093589,104177.5
"Mmult Old","Ramp9",2000,2000,20279.23,0.2347978,73232.33
"Mmult Old","Ramp9",2000,2001,19814.26,0.2811833,50662.03
"Mmult Old","Ramp9",2000,2002,21422.87,0.2556148,25709.73
"Mmult Old","Ramp9",2000,2003,19995.35,0.3013945,21261.4
"Mmult Old","Ramp9",2000,2004,16915.43,0.3058943,28043.41
"Mmult Old","Ramp9",2000,2005,15451.49,0.3726471,62283.95
"Mmult Old","Ramp9",2000,2006,10611.21,0.3201837,35816.78
"Mmult Old","Ramp9",2000,2007,8714.052,0.2219456,26526.08
"Mmult Old","Ramp9",2000,2008,8293.936,0.2652694,23490.85
"Mmult Old","Ramp9",2000,2009,10124.11,0.329147,40263.47
"Mmult Old","Ramp9",2000,2010,10551.62,0.2971638,49037.44
"Mmult Old","Ramp9",2000,2011,9758.894,0.2986155,25458.36
"Mmult Old","Ramp9",2000,2012,9019.739,0.3509314,44410.35
"Mmult Old","Ramp9",2000,2013,9403.321,0.2537137,58157.56
"Mmult Old","Ramp9",2000,2014,10794.64,0.1963491,147994.2
"Mmult Old","Ramp9",2000,2015,11601.03,0.161001,29047.84
"Mmult Old","Ramp9",2005,1982,21962.22,0.2152896,18596.44
"Mmult Old","Ramp9",2005,1983,19112.23,0.3077249,8735.517
"Mmult Old","Ramp9",2005,1984,16629.02,0.3788812,4885.595
"Mmult Old","Ramp9",2005,1985,15143.3,0.4298889,3683.598
"Mmult Old","Ramp9",2005,1986,13289.72,0.4114083,15648.64
"Mmult Old","Ramp9",2005,1987,11500.78,0.3676443,10359.15
"Mmult Old","Ramp9",2005,1988,9298.308,0.4437676,10202.74
"Mmult Old","Ramp9",2005,1989,6927.03,0.3752464,16554.07
"Mmult Old","Ramp9",2005,1990,5855.356,0.2720794,19392.92
"Mmult Old","Ramp9",2005,1991,5356.99,0.4405853,17793.83
"Mmult Old","Ramp9",2005,1992,4713.163,0.4756591,26498.95
"Mmult Old","Ramp9",2005,1993,4316.426,0.8613748,45321.2
"Mmult Old","Ramp9",2005,1994,3963.69,1.11092,45703.94
"Mmult Old","Ramp9",2005,1995,4736.188,0.9082814,34646.69
"Mmult Old","Ramp9",2005,1996,5862.439,0.6135346,51077.26
"Mmult Old","Ramp9",2005,1997,7459.788,0.4324244,67061.95
"Mmult Old","Ramp9",2005,1998,10455.35,0.3239195,68856.95
"Mmult Old","Ramp9",2005,1999,12788.28,0.2406424,66447.48
"Mmult Old","Ramp9",2005,2000,13797.71,0.2452969,48097.9
"Mmult Old","Ramp9",2005,2001,14405.57,0.2760146,33353.79
"Mmult Old","Ramp9",2005,2002,15927.29,0.2448067,16919.58
"Mmult Old","Ramp9",2005,2003,15248.64,0.2944859,14012.06
"Mmult Old","Ramp9",2005,2004,13178.57,0.3023528,18458.71
"Mmult Old","Ramp9",2005,2005,11911.57,0.4133085,40878.63
"Mmult Old","Ramp9",2005,2006,8167.989,0.3618653,23505.39
"Mmult Old","Ramp9",2005,2007,6698.489,0.2494253,17374.9
"Mmult Old","Ramp9",2005,2008,6239.274,0.2946087,15312.03
"Mmult Old","Ramp9",2005,2009,7196.714,0.3658961,26108.7
"Mmult Old","Ramp9",2005,2010,7355.557,0.3354524,31604.73
"Mmult Old","Ramp9",2005,2011,6916.147,0.3438729,16358.6
"Mmult Old","Ramp9",2005,2012,6415.877,0.4110914,28504.23
"Mmult Old","Ramp9",2005,2013,6523.738,0.2950562,37277.96
"Mmult Old","Ramp9",2005,2014,7412.107,0.2260206,94766.8
"Mmult Old","Ramp9",2005,2015,8013.134,0.185164,18561.21
"Mmult Old","Ramp9",2010,1982,21966.61,0.2158609,16736.14
"Mmult Old","Ramp9",2010,1983,18985.29,0.3093487,7790.614
"Mmult Old","Ramp9",2010,1984,16324.23,0.3764304,4319.63
"Mmult Old","Ramp9",2010,1985,14702.87,0.417528,3242.407
"Mmult Old","Ramp9",2010,1986,12840.15,0.3961829,13931.51
"Mmult Old","Ramp9",2010,1987,11070,0.356869,9145.914
"Mmult Old","Ramp9",2010,1988,8938.665,0.4287214,8905.805
"Mmult Old","Ramp9",2010,1989,6670.561,0.3685969,14273.32
"Mmult Old","Ramp9",2010,1990,5597.394,0.2752526,15924.55
"Mmult Old","Ramp9",2010,1991,5014,0.4425502,13325.9
"Mmult Old","Ramp9",2010,1992,4276.807,0.4913115,17814.62
"Mmult Old","Ramp9",2010,1993,3783.512,0.8392103,27503
"Mmult Old","Ramp9",2010,1994,3256.339,1.10221,25537.7
"Mmult Old","Ramp9",2010,1995,3502.766,1.010399,18306.38
"Mmult Old","Ramp9",2010,1996,3810.402,0.8115958,26294.66
"Mmult Old","Ramp9",2010,1997,4342.705,0.670667,34400.48
"Mmult Old","Ramp9",2010,1998,5618.455,0.5511838,36000.42
"Mmult Old","Ramp9",2010,1999,6713.847,0.4103972,35416.16
"Mmult Old","Ramp9",2010,2000,7497.466,0.4072618,26256.16
"Mmult Old","Ramp9",2010,2001,8107.405,0.4505251,19041.74
"Mmult Old","Ramp9",2010,2002,9134.155,0.3964602,10172.48
"Mmult Old","Ramp9",2010,2003,9050.578,0.4972294,8857.055
"Mmult Old","Ramp9",2010,2004,7997.365,0.5181024,12147.99
"Mmult Old","Ramp9",2010,2005,7412.267,0.66349,27635.26
"Mmult Old","Ramp9",2010,2006,5491.274,0.505942,16018.17
"Mmult Old","Ramp9",2010,2007,4942.733,0.3031357,11855.61
"Mmult Old","Ramp9",2010,2008,4871.464,0.3302117,10411.77
"Mmult Old","Ramp9",2010,2009,5428.766,0.4018433,17674.94
"Mmult Old","Ramp9",2010,2010,5413.619,0.3765343,21302.42
"Mmult Old","Ramp9",2010,2011,5091.399,0.4016337,11014.49
"Mmult Old","Ramp9",2010,2012,4693.142,0.4926556,19170.82
"Mmult Old","Ramp9",2010,2013,4648.197,0.3546662,25013.21
"Mmult Old","Ramp9",2010,2014,5243.845,0.2693495,63133.8
"Mmult Old","Ramp9",2010,2015,5707.608,0.2197888,12482.95
"Mmult Young","Sudden",1995,1982,20195.91,0.2297118,18368.44
"Mmult Young","Sudden",1995,1983,17183.25,0.3262802,8910.515
"Mmult Young","Sudden",1995,1984,14585.9,0.3973183,5254.682
"Mmult Young","Sudden",1995,1985,13003.68,0.453695,4118.578
"Mmult Young","Sudden",1995,1986,11211.16,0.4454686,16452.36
"Mmult Young","Sudden",1995,1987,9532.156,0.4091675,11317.76
"Mmult Young","Sudden",1995,1988,7526.667,0.5070196,11541.46
"Mmult Young","Sudden",1995,1989,5403.725,0.457489,18695.62
"Mmult Young","Sudden",1995,1990,4407.826,0.3338478,21567.46
"Mmult Young","Sudden",1995,1991,4048.934,0.5313274,26596.97
"Mmult Young","Sudden",1995,1992,3682.718,0.5474698,58346.59
"Mmult Young","Sudden",1995,1993,3489.57,1.006577,156657.8
"Mmult Young","Sudden",1995,1994,3594.269,1.211169,259326.7
"Mmult Young","Sudden",1995,1995,4992.537,0.933021,335164.2
"Mmult Young","Sudden",1995,1996,5381.101,0.6884118,455965.3
"Mmult Young","Sudden",1995,1997,5598.551,0.5703923,572331.8
"Mmult Young","Sudden",1995,1998,6663.52,0.4975664,571416.6
"Mmult Young","Sudden",1995,1999,7199.045,0.4050177,526743.1
"Mmult Young","Sudden",1995,2000,7550.068,0.4289501,346369.7
"Mmult Young","Sudden",1995,2001,7513.082,0.5072996,220824.5
"Mmult Young","Sudden",1995,2002,7951.959,0.4822938,105704
"Mmult Young","Sudden",1995,2003,7060.162,0.6390939,86185.18
"Mmult Young","Sudden",1995,2004,5659.652,0.7483278,115003.6
"Mmult Young","Sudden",1995,2005,4810.473,1.036667,273402.2
"Mmult Young","Sudden",1995,2006,3203.288,0.8882971,155789.6
"Mmult Young","Sudden",1995,2007,2874.549,0.5569483,113921.2
"Mmult Young","Sudden",1995,2008,3025.677,0.5716853,100077.1
"Mmult Young","Sudden",1995,2009,3547.617,0.6953156,174920.6
"Mmult Young","Sudden",1995,2010,2985.11,0.6800573,208344
"Mmult Young","Sudden",1995,2011,2933.646,0.7237188,98579.12
"Mmult Young","Sudden",1995,2012,3002.62,0.8748095,159923.2
"Mmult Young","Sudden",1995,2013,3117.251,0.6087925,185143.2
"Mmult Young","Sudden",1995,2014,3375.335,0.4298811,471612
"Mmult Young","Sudden",1995,2015,3686.238,0.3236766,72709.61
"Mmult Young","Sudden",2000,1982,20915.23,0.2245514,16655.51
"Mmult Young","Sudden",2000,1983,17847.43,0.3209079,7911.601
"Mmult Young","Sudden",2000,1984,15124.89,0.3889209,4525.207
"Mmult Young","Sudden",2000,1985,13441.29,0.4338701,3469.234
"Mmult Young","Sudden",2000,1986,11603.99,0.4180183,14369.54
"Mmult Young","Sudden",2000,1987,9898.192,0.3820262,9585.594
"Mmult Young","Sudden",2000,1988,7880.044,0.4659882,9441.234
"Mmult Young","Sudden",2000,1989,5751.544,0.415506,14888.1
"Mmult Young","Sudden",2000,1990,4720.012,0.3130116,16304.02
"Mmult Young","Sudden",2000,1991,4218.622,0.501356,13555.09
"Mmult Young","Sudden",2000,1992,3635.121,0.5486089,18064.84
"Mmult Young","Sudden",2000,1993,3211.051,0.9754718,28129.74
"Mmult Young","Sudden",2000,1994,2832.85,1.263757,26529.53
"Mmult Young","Sudden",2000,1995,3154.028,1.140028,19177.68
"Mmult Young","Sudden",2000,1996,3504.69,0.9030637,34397.84
"Mmult Young","Sudden",2000,1997,4093.907,0.7365653,59515.85
"Mmult Young","Sudden",2000,1998,5479.266,0.5953785,86464.48
"Mmult Young","Sudden",2000,1999,6742.361,0.43031,119994.3
"Mmult Young","Sudden",2000,2000,7965.359,0.4309692,124125.1
"Mmult Young","Sudden",2000,2001,8044.292,0.5109704,79864.31
"Mmult Young","Sudden",2000,2002,8253.661,0.4801166,38766.75
"Mmult Young","Sudden",2000,2003,7305.424,0.6555879,31591.01
"Mmult Young","Sudden",2000,2004,5709.648,0.749878,41635.16
"Mmult Young","Sudden",2000,2005,4646.78,1.034712,96390.19
"Mmult Young","Sudden",2000,2006,3031.341,0.8827364,55231.05
"Mmult Young","Sudden",2000,2007,2628.078,0.5577831,40529.75
"Mmult Young","Sudden",2000,2008,2708.969,0.5756346,35678.3
"Mmult Young","Sudden",2000,2009,3029.451,0.7013812,62042.65
"Mmult Young","Sudden",2000,2010,2717.947,0.6828378,73541.31
"Mmult Young","Sudden",2000,2011,2686.967,0.7283626,35093.56
"Mmult Young","Sudden",2000,2012,2655.141,0.885401,56915.13
"Mmult Young","Sudden",2000,2013,2649.71,0.6198752,66783.6
"Mmult Young","Sudden",2000,2014,2905.175,0.438517,164809.7
"Mmult Young","Sudden",2000,2015,3220.513,0.3307533,27505.13
"Mmult Young","Sudden",2005,1982,21280.51,0.2224999,15787.64
"Mmult Young","Sudden",2005,1983,18184.25,0.3189034,7402.271
"Mmult Young","Sudden",2005,1984,15408.49,0.3849432,4166.259
"Mmult Young","Sudden",2005,1985,13698.68,0.4237635,3167.372
"Mmult Young","Sudden",2005,1986,11860.4,0.4035359,13480.76
"Mmult Young","Sudden",2005,1987,10154.43,0.3667898,8939.118
"Mmult Young","Sudden",2005,1988,8138.647,0.4422078,8771.324
"Mmult Young","Sudden",2005,1989,6015.927,0.3897985,14035.52
"Mmult Young","Sudden",2005,1990,4984.887,0.296112,15532.43
"Mmult Young","Sudden",2005,1991,4438.086,0.470239,12838.95
"Mmult Young","Sudden",2005,1992,3798.612,0.5176026,16827.44
"Mmult Young","Sudden",2005,1993,3373.269,0.8558263,25441.05
"Mmult Young","Sudden",2005,1994,2940.224,1.094565,23115
"Mmult Young","Sudden",2005,1995,3169.621,1.001678,16110.09
"Mmult Young","Sudden",2005,1996,3413.152,0.8229635,22095.88
"Mmult Young","Sudden",2005,1997,3821.43,0.6999016,27861.42
"Mmult Young","Sudden",2005,1998,4829.45,0.5960724,28450.18
"Mmult Young","Sudden",2005,1999,5581.524,0.4592625,26966.69
"Mmult Young","Sudden",2005,2000,6004.144,0.4774619,18994.32
"Mmult Young","Sudden",2005,2001,6212.583,0.5557358,15494.14
"Mmult Young","Sudden",2005,2002,6789.656,0.5119138,9944.599
"Mmult Young","Sudden",2005,2003,6614.947,0.6909178,10840.55
"Mmult Young","Sudden",2005,2004,5592.182,0.8095028,19254.31
"Mmult Young","Sudden",2005,2005,4876.136,1.138714,61024.56
"Mmult Young","Sudden",2005,2006,3170.544,0.9528214,34589.35
"Mmult Young","Sudden",2005,2007,2722.613,0.5562678,25097.7
"Mmult Young","Sudden",2005,2008,2785.348,0.5639577,21770.99
"Mmult Young","Sudden",2005,2009,2994.919,0.6808231,37267.88
"Mmult Young","Sudden",2005,2010,2686.109,0.6559328,43549.73
"Mmult Young","Sudden",2005,2011,2612.259,0.707313,20470.63
"Mmult Young","Sudden",2005,2012,2490.714,0.8761278,32646.51
"Mmult Young","Sudden",2005,2013,2380.939,0.62827,37934.1
"Mmult Young","Sudden",2005,2014,2578.905,0.4560572,91016.57
"Mmult Young","Sudden",2005,2015,2815.077,0.3546663,15543.79
"Mmult Young","Sudden",2010,1982,21342.3,0.222195,15312.06
"Mmult Young","Sudden",2010,1983,18211.13,0.3184754,7155
"Mmult Young","Sudden",2010,1984,15389.83,0.3830648,4029.889
"Mmult Young","Sudden",2010,1985,13646.15,0.4196854,3072.022
"Mmult Young","Sudden",2010,1986,11796.75,0.3991188,13098.03
"Mmult Young","Sudden",2010,1987,10086.52,0.3628241,8709.207
"Mmult Young","Sudden",2010,1988,8087.589,0.4363803,8579.638
"Mmult Young","Sudden",2010,1989,5989.948,0.3855645,13793.31
"Mmult Young","Sudden",2010,1990,4963.326,0.29446,15295.5
"Mmult Young","Sudden",2010,1991,4404.502,0.4657356,12658.88
"Mmult Young","Sudden",2010,1992,3759.657,0.5136521,16584.53
"Mmult Young","Sudden",2010,1993,3340.625,0.8418472,25024.88
"Mmult Young","Sudden",2010,1994,2913.999,1.074913,22684.09
"Mmult Young","Sudden",2010,1995,3138.604,0.9839258,15743.24
"Mmult Young","Sudden",2010,1996,3375.577,0.8116029,21455.6
"Mmult Young","Sudden",2010,1997,3767.17,0.6917864,26802.18
"Mmult Young","Sudden",2010,1998,4739.355,0.5918587,26919.17
"Mmult Young","Sudden",2010,1999,5455.367,0.4596298,24940.87
"Mmult Young","Sudden",2010,2000,5835.477,0.4801422,17313.26
"Mmult Young","Sudden",2010,2001,5989.445,0.5617308,11322.89
"Mmult Young","Sudden",2010,2002,6462.763,0.5245237,5765.084
"Mmult Young","Sudden",2010,2003,6180.702,0.7133839,4965.754
"Mmult Young","Sudden",2010,2004,5051.44,0.846797,6723.904
"Mmult Young","Sudden",2010,2005,4159.81,1.136498,15142.84
"Mmult Young","Sudden",2010,2006,2765.386,0.9700274,14890.78
"Mmult Young","Sudden",2010,2007,2435.91,0.5915727,18566.63
"Mmult Young","Sudden",2010,2008,2663.096,0.5923234,27782.32
"Mmult Young","Sudden",2010,2009,3456.243,0.6901329,84255.26
"Mmult Young","Sudden",2010,2010,3773.528,0.6165657,175355
"Mmult Young","Sudden",2010,2011,3259.611,0.7122801,55765.46
"Mmult Young","Sudden",2010,2012,2577.684,0.9388728,68056.18
"Mmult Young","Sudden",2010,2013,1718.993,0.7567616,59935.08
"Mmult Young","Sudden",2010,2014,1252.977,0.7799001,119839.3
"Mmult Young","Sudden",2010,2015,814.7313,1.235312,14792.07
"Mmult Young","Ramp4",1995,1982,19791.32,0.2346911,19172.27
"Mmult Young","Ramp4",1995,1983,16790.63,0.3328235,9452.683
"Mmult Young","Ramp4",1995,1984,14271.22,0.4056441,5731.755
"Mmult Young","Ramp4",1995,1985,12798.94,0.466389,4619.718
"Mmult Young","Ramp4",1995,1986,11110.82,0.4574832,18676.61
"Mmult Young","Ramp4",1995,1987,9541.213,0.4161085,14344.64
"Mmult Young","Ramp4",1995,1988,7614.459,0.5116723,17592.35
"Mmult Young","Ramp4",1995,1989,5558.831,0.4522885,38260.57
"Mmult Young","Ramp4",1995,1990,4707.744,0.3127611,70271.9
"Mmult Young","Ramp4",1995,1991,4671.238,0.4697134,111078
"Mmult Young","Ramp4",1995,1992,4736.638,0.4334686,254012.4
"Mmult Young","Ramp4",1995,1993,4809.933,0.8572755,588593.8
"Mmult Young","Ramp4",1995,1994,4556.008,1.064774,707414.1
"Mmult Young","Ramp4",1995,1995,4894.268,0.9166878,563953.3
"Mmult Young","Ramp4",1995,1996,5111.619,0.7152346,771791.3
"Mmult Young","Ramp4",1995,1997,5289.786,0.6024267,976086.4
"Mmult Young","Ramp4",1995,1998,6499.031,0.5291361,980163.2
"Mmult Young","Ramp4",1995,1999,7106.703,0.427549,903916.8
"Mmult Young","Ramp4",1995,2000,7639.191,0.4469378,588721.9
"Mmult Young","Ramp4",1995,2001,7741.541,0.5230402,372138.4
"Mmult Young","Ramp4",1995,2002,8328.812,0.4957809,175769.7
"Mmult Young","Ramp4",1995,2003,7370.095,0.654882,143015.5
"Mmult Young","Ramp4",1995,2004,5893.527,0.7763747,192073.2
"Mmult Young","Ramp4",1995,2005,5080.008,1.050527,463732.1
"Mmult Young","Ramp4",1995,2006,3386.489,0.8936093,263460.4
"Mmult Young","Ramp4",1995,2007,3084.2,0.5554094,192401
"Mmult Young","Ramp4",1995,2008,3262.167,0.5688054,169105.5
"Mmult Young","Ramp4",1995,2009,3960.641,0.6913244,297004.6
"Mmult Young","Ramp4",1995,2010,3181.8,0.677251,355229.3
"Mmult Young","Ramp4",1995,2011,3118.347,0.7198082,167092.6
"Mmult Young","Ramp4",1995,2012,3263.62,0.8670825,271239.7
"Mmult Young","Ramp4",1995,2013,3466.547,0.5991399,311664
"Mmult Young","Ramp4",1995,2014,3749.82,0.4212114,808443.1
"Mmult Young","Ramp4",1995,2015,4072.464,0.3160845,119858.3
"Mmult Young","Ramp4",2000,1982,20675.57,0.22601,17208.2
"Mmult Young","Ramp4",2000,1983,17623.99,0.322339,8238.143
"Mmult Young","Ramp4",2000,1984,14936.2,0.3913686,4762.7
"Mmult Young","Ramp4",2000,1985,13274.95,0.4400699,3675.589
"Mmult Young","Ramp4",2000,1986,11445.06,0.4269298,14998.51
"Mmult Young","Ramp4",2000,1987,9744.144,0.3912719,10080.35
"Mmult Young","Ramp4",2000,1988,7729.261,0.4804458,9999.579
"Mmult Young","Ramp4",2000,1989,5602.056,0.4311272,15777.82
"Mmult Young","Ramp4",2000,1990,4576.795,0.322288,17462.52
"Mmult Young","Ramp4",2000,1991,4112.678,0.5172484,14863.91
"Mmult Young","Ramp4",2000,1992,3580.78,0.5592584,21389.65
"Mmult Young","Ramp4",2000,1993,3195.669,1.011676,38479.62
"Mmult Young","Ramp4",2000,1994,2903.97,1.288729,45166.06
"Mmult Young","Ramp4",2000,1995,3385.508,1.117896,44139.3
"Mmult Young","Ramp4",2000,1996,4007.086,0.8371428,91361.37
"Mmult Young","Ramp4",2000,1997,4820.754,0.6564322,162488.2
"Mmult Young","Ramp4",2000,1998,6412.669,0.5357284,213958.1
"Mmult Young","Ramp4",2000,1999,7479.968,0.403809,239626.8
"Mmult Young","Ramp4",2000,2000,8056.46,0.4221803,176927.8
"Mmult Young","Ramp4",2000,2001,7920.469,0.5018518,113845
"Mmult Young","Ramp4",2000,2002,8109.899,0.4753992,55236.09
"Mmult Young","Ramp4",2000,2003,7141.21,0.6417327,45066.17
"Mmult Young","Ramp4",2000,2004,5640.486,0.7404196,59606.88
"Mmult Young","Ramp4",2000,2005,4660.849,1.026879,138996.9
"Mmult Young","Ramp4",2000,2006,3068.799,0.8810645,79495.3
"Mmult Young","Ramp4",2000,2007,2693.007,0.5570602,58239.11
"Mmult Young","Ramp4",2000,2008,2797.891,0.5741213,51170.23
"Mmult Young","Ramp4",2000,2009,3171.526,0.6991918,88963.57
"Mmult Young","Ramp4",2000,2010,2789.193,0.682188,105406
"Mmult Young","Ramp4",2000,2011,2749.429,0.727405,50187.56
"Mmult Young","Ramp4",2000,2012,2744.714,0.883174,81357.11
"Mmult Young","Ramp4",2000,2013,2771.423,0.6195954,95043.17
"Mmult Young","Ramp4",2000,2014,3017.411,0.4396509,236869.6
"Mmult Young","Ramp4",2000,2015,3321.126,0.332483,38642.24
"Mmult Young","Ramp4",2005,1982,21172.76,0.223144,16048.91
"Mmult Young","Ramp4",2005,1983,18085.29,0.3196027,7555.667
"Mmult Young","Ramp4",2005,1984,15325.57,0.3863219,4272.886
"Mmult Young","Ramp4",2005,1985,13623.73,0.4269609,3255.913
"Mmult Young","Ramp4",2005,1986,11786.16,0.4079455,13742.49
"Mmult Young","Ramp4",2005,1987,10081.17,0.371364,9124.523
"Mmult Young","Ramp4",2005,1988,8064.5,0.4492694,8959.288
"Mmult Young","Ramp4",2005,1989,5939.265,0.3972612,14269.49
"Mmult Young","Ramp4",2005,1990,4907.742,0.3010758,15725.1
"Mmult Young","Ramp4",2005,1991,4374.368,0.4794234,12993.65
"Mmult Young","Ramp4",2005,1992,3751.298,0.5269285,17066.71
"Mmult Young","Ramp4",2005,1993,3323.662,0.8922833,25943.41
"Mmult Young","Ramp4",2005,1994,2900.738,1.148173,23795.59
"Mmult Young","Ramp4",2005,1995,3150.717,1.047961,16791.43
"Mmult Young","Ramp4",2005,1996,3414.192,0.854274,23242.9
"Mmult Young","Ramp4",2005,1997,3856.687,0.7212917,30764.78
"Mmult Young","Ramp4",2005,1998,4936.321,0.6054637,34726.45
"Mmult Young","Ramp4",2005,1999,5772.297,0.4581578,38410.12
"Mmult Young","Ramp4",2005,2000,6310.426,0.4706969,33357.01
"Mmult Young","Ramp4",2005,2001,6696.949,0.5421122,29284.26
"Mmult Young","Ramp4",2005,2002,7434.181,0.4957725,18403.74
"Mmult Young","Ramp4",2005,2003,7151.803,0.6775744,18183.37
"Mmult Young","Ramp4",2005,2004,5832.638,0.7872172,27155.26
"Mmult Young","Ramp4",2005,2005,4783.024,1.104639,66494.27
"Mmult Young","Ramp4",2005,2006,3081.77,0.9181256,37957.63
"Mmult Young","Ramp4",2005,2007,2644.548,0.5577193,27753.88
"Mmult Young","Ramp4",2005,2008,2704.427,0.5714953,24309.07
"Mmult Young","Ramp4",2005,2009,2954.683,0.6941331,42015.02
"Mmult Young","Ramp4",2005,2010,2673.858,0.67268,49568.22
"Mmult Young","Ramp4",2005,2011,2629.67,0.7209264,23543.15
"Mmult Young","Ramp4",2005,2012,2548.752,0.8837884,37935.16
"Mmult Young","Ramp4",2005,2013,2485.961,0.6236691,44388.89
"Mmult Young","Ramp4",2005,2014,2724.035,0.4448787,107999.9
"Mmult Young","Ramp4",2005,2015,3014.775,0.3387396,18446.14
"Mmult Young","Ramp4",2010,1982,21341.27,0.222128,15552.55
"Mmult Young","Ramp4",2010,1983,18232.15,0.3184445,7272.031
"Mmult Young","Ramp4",2010,1984,15438.29,0.3837776,4084.224
"Mmult Young","Ramp4",2010,1985,13717.36,0.4212069,3103.208
"Mmult Young","Ramp4",2010,1986,11876.82,0.4003726,13264.59
"Mmult Young","Ramp4",2010,1987,10169.31,0.363749,8795.225
"Mmult Young","Ramp4",2010,1988,8157.816,0.4376165,8635.162
"Mmult Young","Ramp4",2010,1989,6042.465,0.3854858,13860.18
"Mmult Young","Ramp4",2010,1990,5012.558,0.2935482,15365.27
"Mmult Young","Ramp4",2010,1991,4456.064,0.4652059,12710.33
"Mmult Young","Ramp4",2010,1992,3806.608,0.5128006,16662.99
"Mmult Young","Ramp4",2010,1993,3381.002,0.8432491,25174.43
"Mmult Young","Ramp4",2010,1994,2944.551,1.079082,22825.41
"Mmult Young","Ramp4",2010,1995,3168.11,0.9883505,15851.72
"Mmult Young","Ramp4",2010,1996,3405.824,0.8140118,21652.12
"Mmult Young","Ramp4",2010,1997,3803.072,0.6934429,27134.2
"Mmult Young","Ramp4",2010,1998,4788.822,0.5925148,27410
"Mmult Young","Ramp4",2010,1999,5518.167,0.4592227,25605.57
"Mmult Young","Ramp4",2010,2000,5909.851,0.4791929,17874.08
"Mmult Young","Ramp4",2010,2001,6077.31,0.5604262,11837.28
"Mmult Young","Ramp4",2010,2002,6580.158,0.5212742,6403.605
"Mmult Young","Ramp4",2010,2003,6327.971,0.7055582,6168.128
"Mmult Young","Ramp4",2010,2004,5225.302,0.8302177,10008.74
"Mmult Young","Ramp4",2010,2005,4380.638,1.142468,29590.25
"Mmult Young","Ramp4",2010,2006,2981.55,0.9687554,24331.88
"Mmult Young","Ramp4",2010,2007,2686.014,0.5733584,23596.11
"Mmult Young","Ramp4",2010,2008,2922.811,0.5690641,25010.6
"Mmult Young","Ramp4",2010,2009,3325.696,0.6791891,48146.81
"Mmult Young","Ramp4",2010,2010,2960.211,0.6425608,56999.56
"Mmult Young","Ramp4",2010,2011,2758.822,0.7025666,24267.58
"Mmult Young","Ramp4",2010,2012,2464.76,0.8965376,35942.93
"Mmult Young","Ramp4",2010,2013,2109.968,0.6811628,38685.07
"Mmult Young","Ramp4",2010,2014,2045.187,0.5523843,87027.98
"Mmult Young","Ramp4",2010,2015,1975.273,0.5058076,13746.09
"Mmult Young","Ramp9",1995,1982,19557.42,0.2404586,21913.7
"Mmult Young","Ramp9",1995,1983,16557.28,0.3397262,12629.46
"Mmult Young","Ramp9",1995,1984,14173.5,0.4131775,9537.158
"Mmult Young","Ramp9",1995,1985,12966.86,0.4710638,10076.9
"Mmult Young","Ramp9",1995,1986,11645.91,0.4480959,58049.86
"Mmult Young","Ramp9",1995,1987,10446.92,0.3930742,57096.37
"Mmult Young","Ramp9",1995,1988,8753.702,0.4712736,79990.21
"Mmult Young","Ramp9",1995,1989,6762.061,0.3855676,181558.1
"Mmult Young","Ramp9",1995,1990,5995.605,0.2613745,305981.3
"Mmult Young","Ramp9",1995,1991,5763.032,0.4081943,378821.7
"Mmult Young","Ramp9",1995,1992,5608.525,0.398193,700894.9
"Mmult Young","Ramp9",1995,1993,5418.466,0.7874897,1372928
"Mmult Young","Ramp9",1995,1994,4862.786,1.019446,1472575
"Mmult Young","Ramp9",1995,1995,4998.813,0.9151871,1111978
"Mmult Young","Ramp9",1995,1996,5229.495,0.7300303,1527240
"Mmult Young","Ramp9",1995,1997,5390.679,0.6146917,1944447
"Mmult Young","Ramp9",1995,1998,6850.225,0.5402684,1964372
"Mmult Young","Ramp9",1995,1999,7537.194,0.4338983,1814794
"Mmult Young","Ramp9",1995,2000,8282.689,0.4503965,1169334
"Mmult Young","Ramp9",1995,2001,8486.582,0.5245666,731440.1
"Mmult Young","Ramp9",1995,2002,9222.043,0.4958339,339745
"Mmult Young","Ramp9",1995,2003,8025.743,0.6577095,275899.1
"Mmult Young","Ramp9",1995,2004,6368.067,0.7908123,373673.1
"Mmult Young","Ramp9",1995,2005,5628.65,1.062342,919219.3
"Mmult Young","Ramp9",1995,2006,3745.221,0.8955078,520942.7
"Mmult Young","Ramp9",1995,2007,3476.803,0.5508609,380402.9
"Mmult Young","Ramp9",1995,2008,3673.227,0.5628116,335093.8
"Mmult Young","Ramp9",1995,2009,4759.017,0.6832073,592869.2
"Mmult Young","Ramp9",1995,2010,3527.52,0.6697243,713214
"Mmult Young","Ramp9",1995,2011,3445.193,0.7100829,333442.8
"Mmult Young","Ramp9",1995,2012,3728.269,0.8498691,542423.4
"Mmult Young","Ramp9",1995,2013,4091.864,0.5793831,617391.8
"Mmult Young","Ramp9",1995,2014,4458.917,0.4036714,1641320
"Mmult Young","Ramp9",1995,2015,4814.641,0.3013769,233483
"Mmult Young","Ramp9",2000,1982,20302.7,0.2296117,17987.92
"Mmult Young","Ramp9",2000,1983,17269.31,0.3268208,8726.01
"Mmult Young","Ramp9",2000,1984,14645.12,0.3976233,5149.68
"Mmult Young","Ramp9",2000,1985,13055.13,0.4509996,4047.838
"Mmult Young","Ramp9",2000,1986,11284.44,0.4392455,16469.73
"Mmult Young","Ramp9",2000,1987,9642.641,0.4012168,11659.3
"Mmult Young","Ramp9",2000,1988,7668.827,0.492863,12545.98
"Mmult Young","Ramp9",2000,1989,5574.656,0.4398614,22401.23
"Mmult Young","Ramp9",2000,1990,4616.342,0.319141,30290.95
"Mmult Young","Ramp9",2000,1991,4306.792,0.4995998,33133.14
"Mmult Young","Ramp9",2000,1992,3978.696,0.5078565,57567.08
"Mmult Young","Ramp9",2000,1993,3745.127,0.9474184,114560.1
"Mmult Young","Ramp9",2000,1994,3451.02,1.194335,135260
"Mmult Young","Ramp9",2000,1995,3891.469,1.032838,121129.8
"Mmult Young","Ramp9",2000,1996,4390.827,0.7861345,210832.8
"Mmult Young","Ramp9",2000,1997,4985.94,0.6354332,325381.6
"Mmult Young","Ramp9",2000,1998,6406.801,0.534939,383067.5
"Mmult Young","Ramp9",2000,1999,7281.841,0.4146676,395878.4
"Mmult Young","Ramp9",2000,2000,7818.196,0.4331332,277697
"Mmult Young","Ramp9",2000,2001,7766.368,0.511766,177591.6
"Mmult Young","Ramp9",2000,2002,8105.132,0.4855837,85438.37
"Mmult Young","Ramp9",2000,2003,7169.174,0.6500442,69687.19
"Mmult Young","Ramp9",2000,2004,5694.323,0.7587429,92662.69
"Mmult Young","Ramp9",2000,2005,4770.765,1.038333,218744.1
"Mmult Young","Ramp9",2000,2006,3158.853,0.8884991,124869.4
"Mmult Young","Ramp9",2000,2007,2811.105,0.5576903,91445.55
"Mmult Young","Ramp9",2000,2008,2948.461,0.5729539,80403.03
"Mmult Young","Ramp9",2000,2009,3416.35,0.6970327,140360.7
"Mmult Young","Ramp9",2000,2010,2922.622,0.6808193,167039.9
"Mmult Young","Ramp9",2000,2011,2876.591,0.7247185,79285.78
"Mmult Young","Ramp9",2000,2012,2920.973,0.8767549,128523.7
"Mmult Young","Ramp9",2000,2013,3007.785,0.6102308,149161.4
"Mmult Young","Ramp9",2000,2014,3265.026,0.4305927,376819.3
"Mmult Young","Ramp9",2000,2015,3577.883,0.3240199,59554.11
"Mmult Young","Ramp9",2005,1982,20963.29,0.2244052,16511.58
"Mmult Young","Ramp9",2005,1983,17889.63,0.3208874,7830.967
"Mmult Young","Ramp9",2005,1984,15158.02,0.3886548,4470.888
"Mmult Young","Ramp9",2005,1985,13470.86,0.4326081,3425.479
"Mmult Young","Ramp9",2005,1986,11635.94,0.4159648,14254.7
"Mmult Young","Ramp9",2005,1987,9933.694,0.3797386,9511.19
"Mmult Young","Ramp9",2005,1988,7918.835,0.4621857,9379.989
"Mmult Young","Ramp9",2005,1989,5793.924,0.411184,14885.3
"Mmult Young","Ramp9",2005,1990,4765.174,0.3099976,16438.47
"Mmult Young","Ramp9",2005,1991,4261.303,0.4952256,13745.94
"Mmult Young","Ramp9",2005,1992,3678.42,0.5406355,18719.35
"Mmult Young","Ramp9",2005,1993,3268.273,0.9428498,30445.2
"Mmult Young","Ramp9",2005,1994,2897.135,1.208506,30881.81
"Mmult Young","Ramp9",2005,1995,3240.241,1.080301,24936.52
"Mmult Young","Ramp9",2005,1996,3641.25,0.8502303,40858.6
"Mmult Young","Ramp9",2005,1997,4224.857,0.6961838,61189.94
"Mmult Young","Ramp9",2005,1998,5490.116,0.5770807,73574.16
"Mmult Young","Ramp9",2005,1999,6408.17,0.4354031,81611.91
"Mmult Young","Ramp9",2005,2000,6958.142,0.4500513,66169.38
"Mmult Young","Ramp9",2005,2001,7150.524,0.5252033,51026.99
"Mmult Young","Ramp9",2005,2002,7670.691,0.4882142,28809.18
"Mmult Young","Ramp9",2005,2003,7120.534,0.6630852,26262.57
"Mmult Young","Ramp9",2005,2004,5737.505,0.7683972,37252.75
"Mmult Young","Ramp9",2005,2005,4723.572,1.072018,89316.07
"Mmult Young","Ramp9",2005,2006,3072.826,0.9031844,51056.24
"Mmult Young","Ramp9",2005,2007,2660.373,0.5574687,37382.15
"Mmult Young","Ramp9",2005,2008,2738.678,0.5724332,32800.9
"Mmult Young","Ramp9",2005,2009,3034.008,0.6959863,56840.19
"Mmult Young","Ramp9",2005,2010,2718.785,0.6760812,67201.37
"Mmult Young","Ramp9",2005,2011,2676.989,0.7229601,31978.98
"Mmult Young","Ramp9",2005,2012,2625.274,0.8824856,51691
"Mmult Young","Ramp9",2005,2013,2597.753,0.6205401,60505.49
"Mmult Young","Ramp9",2005,2014,2840.812,0.4411922,148485.4
"Mmult Young","Ramp9",2005,2015,3138.81,0.3347247,24968.39
"Mmult Young","Ramp9",2010,1982,21255.05,0.2226362,15821.38
"Mmult Young","Ramp9",2010,1983,18157.85,0.3190275,7425.574
"Mmult Young","Ramp9",2010,1984,15382.46,0.3851119,4185.567
"Mmult Young","Ramp9",2010,1985,13671.96,0.4242325,3184.711
"Mmult Young","Ramp9",2010,1986,11833.15,0.4043373,13520.4
"Mmult Young","Ramp9",2010,1987,10127.11,0.3677366,8969.859
"Mmult Young","Ramp9",2010,1988,8112.399,0.4437212,8805.667
"Mmult Young","Ramp9",2010,1989,5991.023,0.3915896,14075
"Mmult Young","Ramp9",2010,1990,4959.973,0.297425,15554.22
"Mmult Young","Ramp9",2010,1991,4415.556,0.4725949,12859.28
"Mmult Young","Ramp9",2010,1992,3779.607,0.5201858,16876.92
"Mmult Young","Ramp9",2010,1993,3352.03,0.8698488,25584.84
"Mmult Young","Ramp9",2010,1994,2921.328,1.116933,23343.55
"Mmult Young","Ramp9",2010,1995,3158.744,1.021204,16353.17
"Mmult Young","Ramp9",2010,1996,3410.425,0.8363056,22500.61
"Mmult Young","Ramp9",2010,1997,3832.408,0.7089884,29058.72
"Mmult Young","Ramp9",2010,1998,4869.237,0.5998851,31220.57
"Mmult Young","Ramp9",2010,1999,5656.249,0.4588858,32058.96
"Mmult Young","Ramp9",2010,2000,6125.846,0.4747471,25302.69
"Mmult Young","Ramp9",2010,2001,6408.054,0.5504875,19681.67
"Mmult Young","Ramp9",2010,2002,7031.468,0.507225,11596.12
"Mmult Young","Ramp9",2010,2003,6762.092,0.6894758,11304.08
"Mmult Young","Ramp9",2010,2004,5545.694,0.8050453,17417.37
"Mmult Young","Ramp9",2010,2005,4593.851,1.120744,45986.73
"Mmult Young","Ramp9",2010,2006,3032.176,0.9411007,30638.96
"Mmult Young","Ramp9",2010,2007,2657.041,0.5657335,25279.72
"Mmult Young","Ramp9",2010,2008,2792.306,0.5715902,24042.53
"Mmult Young","Ramp9",2010,2009,3106.487,0.68822,43553.23
"Mmult Young","Ramp9",2010,2010,2796.068,0.6594192,51531.25
"Mmult Young","Ramp9",2010,2011,2687.388,0.7126803,23398.41
"Mmult Young","Ramp9",2010,2012,2513.65,0.889799,36374.59
"Mmult Young","Ramp9",2010,2013,2319.15,0.6473831,41093.58
"Mmult Young","Ramp9",2010,2014,2417.559,0.4864238,96552.36
"Mmult Young","Ramp9",2010,2015,2537.491,0.3974203,15989.48
